",,,,,,,,Team Totals,Team Totals,Team Totals,Team Totals,Team Totals,Team Totals,Team Totals,Team Totals,Team Totals,Team Totals,Team Totals,Team Totals,Team Totals,Team Totals,Team Totals,Team Totals,Team Totals,Team Totals"
"Rk,Season,Tm,Lg,G,W,L,W/L%,MP,FG,FGA,2P,2PA,3P,3PA,FT,FTA,ORB,DRB,TRB,AST,STL,BLK,TOV,PF,PTS"
"1,2015-16,GSW*,NBA,82,73,9,.890,19880,3489,7159,2412,4567,1077,2592,1366,1790,816,2972,3788,2373,689,498,1245,1701,9421"
"2,2014-15,GSW*,NBA,82,67,15,.817,19730,3410,7137,2527,4920,883,2217,1313,1709,853,2814,3667,2248,762,496,1185,1628,9016"
"3,2015-16,SAS*,NBA,82,67,15,.817,19705,3289,6797,2719,5279,570,1518,1342,1672,770,2831,3601,2010,677,485,1071,1433,8490"
"4,2016-17,GSW*,NBA,82,67,15,.817,19780,3532,7140,2550,4578,982,2562,1457,1850,770,2873,3643,2491,785,555,1211,1585,9503"
"5,2012-13,MIA*,NBA,82,66,16,.805,19880,3148,6348,2431,4539,717,1809,1423,1887,676,2490,3166,1890,710,441,1143,1533,8436"
"6,2017-18,HOU*,NBA,82,65,17,.793,19755,3174,6906,1918,3436,1256,3470,1609,2061,739,2825,3564,1767,699,392,1135,1597,9213"
"7,2010-11,CHI*,NBA,82,62,20,.756,19830,3042,6587,2531,5172,511,1415,1492,2008,967,2654,3621,1827,592,468,1161,1639,8087"
"8,2013-14,SAS*,NBA,82,62,20,.756,19755,3326,6844,2628,5087,698,1757,1289,1642,762,2786,3548,2064,604,420,1180,1495,8639"
"9,2010-11,SAS*,NBA,82,61,21,.744,19780,3148,6628,2463,4901,685,1727,1521,1984,829,2603,3432,1836,602,372,1101,1556,8502"
"10,2016-17,SAS*,NBA,82,61,21,.744,19805,3222,6864,2469,4937,753,1927,1440,1806,821,2777,3598,1954,655,484,1101,1498,8637"
"11,2012-13,OKC*,NBA,82,60,22,.732,19830,3126,6504,2528,4916,598,1588,1819,2196,854,2725,3579,1753,679,624,1253,1654,8669"
"12,2014-15,ATL*,NBA,82,60,22,.732,19730,3121,6699,2303,4547,818,2152,1349,1735,715,2611,3326,2111,744,380,1167,1457,8409"
"13,2013-14,OKC*,NBA,82,59,23,.720,19805,3194,6782,2530,4943,664,1839,1653,2052,887,2781,3668,1794,678,501,1256,1858,8705"
"14,2017-18,TOR*,NBA,82,59,23,.720,19830,3383,7169,2415,4464,968,2705,1422,1790,800,2807,3607,1995,626,500,1095,1783,9156"
"15,2010-11,MIA*,NBA,82,58,24,.707,19780,3031,6301,2484,4822,547,1479,1760,2288,790,2666,3456,1639,544,430,1142,1674,8369"
"16,2012-13,SAS*,NBA,82,58,24,.707,19880,3210,6675,2547,4911,663,1764,1365,1725,666,2721,3387,2058,695,446,1206,1427,8448"
"17,2017-18,GSW*,NBA,82,58,24,.707,19730,3509,6981,2583,4611,926,2370,1360,1668,691,2877,3568,2402,656,612,1267,1607,9304"
"18,2010-11,DAL*,NBA,82,57,25,.695,19705,3069,6463,2424,4695,645,1768,1437,1850,780,2618,3398,1954,557,352,1145,1575,8220"
"19,2010-11,LAL*,NBA,82,57,25,.695,19830,3128,6757,2604,5270,524,1487,1541,1979,989,2616,3605,1801,602,422,1073,1555,8321"
"20,2012-13,DEN*,NBA,82,57,25,.695,19905,3339,6983,2818,5465,521,1518,1505,2148,1092,2601,3693,2002,762,533,1253,1682,8704"
"21,2013-14,LAC*,NBA,82,57,25,.695,19755,3208,6761,2515,4795,693,1966,1741,2384,858,2668,3526,2016,703,397,1136,1767,8850"
"22,2015-16,CLE*,NBA,82,57,25,.695,19855,3171,6888,2291,4460,880,2428,1333,1783,873,2777,3650,1861,551,317,1114,1666,8555"
"23,2010-11,BOS*,NBA,82,56,26,.683,19780,3023,6219,2615,5100,408,1119,1459,1895,639,2542,3181,1921,676,344,1195,1678,7913"
"24,2012-13,LAC*,NBA,82,56,26,.683,19730,3160,6608,2533,4856,627,1752,1342,1888,938,2475,3413,1958,784,461,1197,1716,8289"
"25,2012-13,MEM*,NBA,82,56,26,.683,19805,2964,6679,2582,5572,382,1107,1349,1746,1059,2445,3504,1715,703,436,1144,1660,7659"
"26,2013-14,IND*,NBA,82,56,26,.683,19780,2949,6573,2399,5031,550,1542,1485,1907,834,2831,3665,1651,550,446,1237,1675,7933"
"27,2014-15,HOU*,NBA,82,56,26,.683,19805,3032,6832,2099,4152,933,2680,1525,2133,958,2624,3582,1820,777,407,1366,1803,8522"
"28,2014-15,LAC*,NBA,82,56,26,.683,19730,3228,6830,2401,4628,827,2202,1468,2067,784,2711,3495,2031,640,409,1012,1749,8751"
"29,2015-16,TOR*,NBA,82,56,26,.683,19780,3006,6669,2298,4754,708,1915,1702,2190,836,2724,3560,1536,636,449,1073,1610,8422"
"30,2010-11,OKC*,NBA,82,55,27,.671,20005,3066,6609,2579,5206,487,1403,1977,2401,903,2604,3507,1672,654,487,1156,1836,8596"
"31,2014-15,MEM*,NBA,82,55,27,.671,19905,3097,6763,2674,5517,423,1246,1445,1869,856,2634,3490,1777,700,347,1094,1567,8062"
"32,2014-15,SAS*,NBA,82,55,27,.671,19955,3208,6854,2531,5007,677,1847,1368,1754,806,2772,3578,2000,657,444,1146,1564,8461"
"33,2015-16,OKC*,NBA,82,55,27,.671,19830,3372,7082,2694,5137,678,1945,1616,2067,1071,2916,3987,1883,603,487,1305,1691,9038"
"34,2016-17,HOU*,NBA,82,55,27,.671,19780,3305,7152,2124,3846,1181,3306,1667,2177,892,2746,3638,2070,670,352,1240,1634,9458"
"35,2017-18,BOS*,NBA,82,55,27,.671,19805,3141,6975,2202,4483,939,2492,1308,1697,767,2878,3645,1842,604,373,1149,1618,8529"
"36,2012-13,NYK*,NBA,82,54,28,.659,19730,2996,6689,2105,4318,891,2371,1313,1729,890,2436,3326,1579,672,294,988,1650,8196"
"37,2013-14,HOU*,NBA,82,54,28,.659,19830,3118,6603,2339,4424,779,2179,1814,2549,920,2797,3717,1755,621,461,1323,1676,8829"
"38,2013-14,MIA*,NBA,82,54,28,.659,19880,3142,6272,2477,4443,665,1829,1431,1884,627,2397,3024,1847,732,367,1212,1596,8380"
"39,2013-14,POR*,NBA,82,54,28,.659,19855,3207,7134,2437,5063,770,2071,1569,1926,1022,2786,3808,1904,454,387,1125,1576,8753"
"40,2014-15,CLE*,NBA,82,53,29,.646,19780,3089,6739,2263,4486,826,2253,1453,1934,911,2612,3523,1814,603,340,1171,1510,8457"
"41,2015-16,LAC*,NBA,82,53,29,.646,19830,3141,6759,2344,4569,797,2190,1490,2152,721,2727,3448,1873,709,460,1063,1746,8569"
"42,2016-17,BOS*,NBA,82,53,29,.646,19755,3168,6978,2183,4236,985,2742,1536,1903,744,2698,3442,2069,617,340,1088,1686,8857"
"43,2010-11,ORL*,NBA,82,52,30,.634,19830,2956,6411,2186,4308,770,2103,1453,2101,864,2679,3543,1636,548,384,1224,1640,8135"
"44,2017-18,PHI*,NBA,82,52,30,.634,19780,3349,7098,2448,4653,901,2445,1405,1868,893,2996,3889,2221,682,420,1353,1811,9004"
"45,2013-14,GSW*,NBA,82,51,31,.622,19830,3236,7005,2462,4968,774,2037,1303,1731,896,2819,3715,1912,642,407,1247,1784,8549"
"46,2014-15,POR*,NBA,82,51,31,.622,19855,3175,7049,2368,4818,807,2231,1272,1589,879,2881,3760,1799,525,372,1117,1494,8429"
"47,2016-17,CLE*,NBA,82,51,31,.622,19880,3275,6963,2208,4184,1067,2779,1431,1913,766,2821,3587,1858,539,327,1121,1486,9048"
"48,2016-17,LAC*,NBA,82,51,31,.622,19755,3242,6820,2401,4575,841,2245,1586,2128,738,2790,3528,1848,612,347,1062,1626,8911"
"49,2016-17,TOR*,NBA,82,51,31,.622,19780,3211,6918,2486,4922,725,1996,1615,2028,871,2676,3547,1517,677,400,1041,1708,8762"
"50,2016-17,UTA*,NBA,82,51,31,.622,19755,3033,6515,2242,4387,791,2128,1401,1875,771,2774,3545,1651,550,410,1118,1545,8258"
"51,2010-11,DEN*,NBA,82,50,32,.610,19705,3145,6613,2483,4909,662,1704,1859,2429,791,2652,3443,1813,605,352,1157,1719,8811"
"52,2011-12,CHI*,NBA,66,50,16,.758,15940,2467,5462,2048,4345,419,1117,1006,1394,915,2165,3080,1527,456,388,923,1139,6359"
"53,2011-12,SAS*,NBA,66,50,16,.758,15940,2611,5463,2059,4058,552,1405,1067,1427,683,2153,2836,1528,490,293,895,1143,6841"
"54,2013-14,MEM*,NBA,82,50,32,.610,19805,3122,6723,2717,5576,405,1147,1235,1666,950,2526,3476,1792,631,375,1124,1568,7884"
"55,2014-15,CHI*,NBA,82,50,32,.610,19880,3001,6797,2356,4972,645,1825,1618,2067,959,2792,3751,1781,514,476,1145,1495,8265"
"56,2014-15,DAL*,NBA,82,50,32,.610,19880,3255,7036,2523,4954,732,2082,1386,1843,858,2608,3466,1846,663,371,1062,1644,8628"
"57,2017-18,CLE*,NBA,82,50,32,.610,19730,3311,6950,2330,4314,981,2636,1488,1909,694,2761,3455,1916,582,312,1126,1524,9091"
"58,2012-13,BRK*,NBA,82,49,33,.598,19855,2942,6544,2314,4784,628,1760,1432,1958,1047,2460,3507,1668,599,391,1206,1500,7944"
"59,2012-13,IND*,NBA,81,49,32,.605,19590,2845,6525,2290,4926,555,1599,1429,1915,1043,2671,3714,1645,580,513,1227,1623,7674"
"60,2013-14,DAL*,NBA,82,49,33,.598,19830,3249,6858,2528,4981,721,1877,1378,1733,840,2514,3354,1935,704,356,1110,1636,8597"
"61,2014-15,TOR*,NBA,82,49,33,.598,19855,3108,6829,2382,4769,726,2060,1585,2014,881,2526,3407,1701,615,357,1057,1712,8527"
"62,2016-17,WAS*,NBA,82,49,33,.598,19855,3388,7137,2632,5107,756,2030,1421,1812,843,2671,3514,1956,693,336,1162,1745,8953"
"63,2017-18,POR*,NBA,82,49,33,.598,19755,3222,7132,2377,4824,845,2308,1372,1715,835,2893,3728,1599,573,423,1109,1599,8661"
"64,2010-11,POR*,NBA,82,48,34,.585,19805,2951,6599,2433,5096,518,1503,1476,1835,996,2230,3226,1736,660,358,1070,1585,7896"
"65,2013-14,CHI*,NBA,82,48,34,.585,19930,2843,6577,2335,5118,508,1459,1486,1908,937,2683,3620,1860,594,424,1223,1565,7680"
"66,2013-14,PHO,NBA,82,48,34,.585,19755,3172,6845,2407,4790,765,2055,1520,2004,928,2601,3529,1563,688,374,1258,1798,8629"
"67,2013-14,TOR*,NBA,82,48,34,.585,19955,2992,6718,2279,4801,713,1917,1608,2055,935,2552,3487,1737,577,343,1159,1882,8305"
"68,2015-16,ATL*,NBA,82,48,34,.585,19830,3168,6923,2353,4597,815,2326,1282,1638,679,2772,3451,2100,747,486,1226,1570,8433"
"69,2015-16,BOS*,NBA,82,48,34,.585,19780,3216,7318,2499,5176,717,2142,1520,1929,950,2733,3683,1981,752,348,1127,1796,8669"
"70,2015-16,CHO*,NBA,82,48,34,.585,19855,3036,6922,2163,4512,873,2410,1534,1941,734,2869,3603,1778,595,438,1030,1487,8479"
"71,2015-16,MIA*,NBA,82,48,34,.585,19830,3150,6697,2652,5217,498,1480,1406,1889,807,2811,3618,1709,553,531,1155,1502,8204"
"72,2017-18,IND*,NBA,82,48,34,.585,19755,3345,7083,2604,5073,741,2010,1225,1573,788,2684,3472,1819,721,340,1089,1544,8656"
"73,2017-18,NOP*,NBA,82,48,34,.585,19955,3500,7241,2663,4929,837,2312,1324,1716,712,2924,3636,2195,657,485,1223,1570,9161"
"74,2017-18,OKC*,NBA,82,48,34,.585,19830,3271,7221,2390,4730,881,2491,1421,1985,1024,2671,3695,1750,743,412,1147,1653,8844"
"75,2017-18,UTA*,NBA,82,48,34,.585,19755,3139,6797,2252,4372,887,2425,1375,1766,740,2807,3547,1839,708,420,1205,1608,8540"
"76,2011-12,OKC*,NBA,66,47,19,.712,15990,2462,5229,1990,3912,472,1317,1406,1744,726,2157,2883,1224,498,539,1079,1352,6802"
"77,2012-13,GSW*,NBA,82,47,35,.573,19805,3130,6840,2472,5208,658,1632,1378,1744,885,2801,3686,1845,567,346,1236,1753,8296"
"78,2016-17,OKC*,NBA,82,47,35,.573,19805,3237,7169,2545,5053,692,2116,1575,2113,1002,2821,3823,1721,648,408,1230,1715,8741"
"79,2017-18,MIN*,NBA,82,47,35,.573,19805,3365,7063,2707,5218,658,1845,1592,1980,848,2593,3441,1861,689,345,1021,1495,8980"
"80,2017-18,SAS*,NBA,82,47,35,.573,19730,3202,6999,2506,5022,696,1977,1324,1715,849,2777,3626,1868,628,460,1078,1408,8424"
"81,2010-11,MEM*,NBA,82,46,36,.561,19880,3200,6801,2891,5875,309,926,1486,1981,970,2391,3361,1691,771,441,1145,1705,8195"
"82,2010-11,NOH*,NBA,82,46,36,.561,19830,2944,6416,2500,5184,444,1232,1452,1897,824,2468,3292,1691,624,359,1069,1719,7784"
"83,2011-12,MIA*,NBA,66,46,20,.697,16040,2446,5212,2076,4182,370,1030,1238,1598,686,2060,2746,1317,585,355,1002,1282,6500"
"84,2014-15,WAS*,NBA,82,46,36,.561,19955,3139,6790,2642,5409,497,1381,1305,1758,862,2801,3663,1969,601,378,1233,1707,8080"
"85,2017-18,DEN,NBA,82,46,36,.561,19880,3338,7102,2398,4566,940,2536,1404,1830,902,2748,3650,2059,627,404,1227,1533,9020"
"86,2012-13,CHI*,NBA,82,45,37,.549,19830,2926,6698,2480,5433,446,1265,1343,1738,1026,2514,3540,1886,588,417,1171,1617,7641"
"87,2012-13,HOU*,NBA,82,45,37,.549,19780,3124,6782,2257,4413,867,2369,1573,2087,909,2652,3561,1902,679,359,1348,1662,8688"
"88,2012-13,LAL*,NBA,82,45,37,.549,19755,3041,6640,2326,4625,715,2015,1584,2289,942,2732,3674,1818,576,429,1232,1467,8381"
"89,2014-15,NOP*,NBA,82,45,37,.549,19780,3108,6795,2522,5212,586,1583,1345,1790,942,2621,3563,1806,553,510,1087,1530,8147"
"90,2014-15,OKC,NBA,82,45,37,.549,19830,3184,7119,2552,5255,632,1864,1524,2020,1052,2844,3896,1681,598,454,1205,1829,8524"
"91,2015-16,IND*,NBA,82,45,37,.549,19880,3142,6985,2479,5096,663,1889,1430,1872,847,2779,3626,1741,742,391,1219,1641,8377"
"92,2010-11,ATL*,NBA,82,44,38,.537,19730,2971,6429,2469,5002,502,1427,1346,1728,762,2460,3222,1802,497,341,1118,1554,7790"
"93,2012-13,ATL*,NBA,82,44,38,.537,19855,3084,6644,2378,4743,706,1901,1158,1619,758,2593,3351,2007,664,369,1219,1473,8032"
"94,2013-14,BRK*,NBA,82,44,38,.537,19880,2931,6391,2222,4469,709,1922,1508,2002,721,2407,3128,1714,705,311,1191,1777,8079"
"95,2013-14,WAS*,NBA,82,44,38,.537,20055,3177,6920,2530,5216,647,1704,1253,1715,886,2573,3459,1909,668,377,1204,1675,8254"
"96,2015-16,DET*,NBA,82,44,38,.537,19880,3111,7087,2371,4939,740,2148,1399,2095,1021,2777,3798,1594,573,304,1110,1557,8361"
"97,2015-16,POR*,NBA,82,44,38,.537,19805,3167,7040,2303,4704,864,2336,1424,1889,948,2782,3730,1748,562,380,1200,1782,8622"
"98,2017-18,MIA*,NBA,82,44,38,.537,19930,3184,6997,2281,4491,903,2506,1209,1601,763,2801,3564,1862,620,437,1179,1648,8480"
"99,2017-18,MIL*,NBA,82,44,38,.537,19830,3257,6807,2539,4783,718,2024,1499,1915,688,2579,3267,1905,722,443,1134,1752,8731"
"100,2010-11,HOU,NBA,82,43,39,.524,19880,3170,6975,2493,5132,677,1843,1668,2083,962,2549,3511,1955,581,371,1110,1641,8685"
"101,2012-13,UTA,NBA,82,43,39,.524,19880,3046,6710,2539,5325,507,1385,1439,1883,989,2457,3446,1859,690,515,1210,1750,8038"
"102,2013-14,CHA*,NBA,82,43,39,.524,19905,2976,6730,2460,5259,516,1471,1474,2000,776,2724,3500,1778,499,421,1010,1493,7942"
"103,2016-17,ATL*,NBA,82,43,39,.524,19880,3123,6918,2394,4781,729,2137,1484,2039,842,2793,3635,1938,672,397,1294,1491,8459"
"104,2016-17,MEM*,NBA,82,43,39,.524,19905,2984,6854,2217,4685,767,2169,1504,1918,886,2621,3507,1744,653,344,1059,1840,8239"
"105,2017-18,WAS*,NBA,82,43,39,.524,19855,3275,7018,2461,4845,814,2173,1378,1786,823,2713,3536,2065,645,353,1196,1746,8742"
"106,2010-11,NYK*,NBA,82,42,40,.512,19780,3140,6867,2375,4786,765,2081,1689,2087,847,2470,3317,1757,625,475,1123,1743,8734"
"107,2011-12,IND*,NBA,66,42,24,.636,15990,2354,5375,1962,4311,392,1064,1349,1724,826,2070,2896,1228,523,357,925,1430,6449"
"108,2015-16,CHI,NBA,82,42,40,.512,19905,3165,7170,2514,5417,651,1753,1354,1720,907,2889,3796,1870,495,470,1141,1545,8335"
"109,2015-16,DAL*,NBA,82,42,40,.512,20005,3064,6900,2258,4558,806,2342,1454,1831,751,2781,3532,1813,560,306,1047,1595,8388"
"110,2015-16,MEM*,NBA,82,42,40,.512,19830,3019,6859,2515,5338,504,1521,1584,2024,916,2497,3413,1697,724,350,1090,1783,8126"
"111,2016-17,IND*,NBA,82,42,40,.512,19855,3221,6931,2512,5046,709,1885,1467,1811,742,2702,3444,1844,669,409,1130,1597,8618"
"112,2016-17,MIL*,NBA,82,42,40,.512,19780,3182,6715,2462,4769,720,1946,1413,1839,723,2589,3312,1984,666,436,1145,1660,8497"
"113,2017-18,LAC,NBA,82,42,40,.512,19705,3302,7004,2525,4808,777,2196,1556,2095,832,2766,3598,1832,628,373,1204,1638,8937"
"114,2010-11,PHI*,NBA,82,41,41,.500,19930,3125,6776,2682,5528,443,1248,1426,1851,850,2578,3428,1861,621,355,1063,1592,8119"
"115,2011-12,LAL*,NBA,66,41,25,.621,16065,2429,5319,2067,4207,362,1112,1202,1589,799,2251,3050,1485,390,351,997,1109,6422"
"116,2011-12,MEM*,NBA,66,41,25,.621,15940,2425,5422,2148,4573,277,849,1142,1504,831,1944,2775,1290,631,345,955,1316,6269"
"117,2012-13,BOS*,NBA,81,41,40,.506,19840,3001,6459,2503,5069,498,1390,1318,1698,654,2533,3187,1843,667,365,1181,1717,7818"
"118,2012-13,DAL,NBA,82,41,41,.500,19980,3182,6892,2576,5264,606,1628,1323,1669,767,2670,3437,1906,648,454,1144,1698,8293"
"119,2014-15,MIL*,NBA,82,41,41,.500,19930,3083,6722,2538,5222,545,1500,1312,1734,876,2574,3450,1932,789,403,1373,1814,8023"
"120,2015-16,HOU*,NBA,82,41,41,.500,19830,3094,6847,2216,4314,878,2533,1671,2407,930,2601,3531,1821,821,430,1307,1790,8737"
"121,2015-16,WAS,NBA,82,41,41,.500,19755,3238,7033,2529,5050,709,1983,1349,1849,743,2688,3431,2005,708,323,1186,1708,8534"
"122,2016-17,CHI*,NBA,82,41,41,.500,19780,3169,7141,2546,5310,623,1831,1474,1848,999,2797,3796,1851,643,393,1112,1455,8435"
"123,2016-17,MIA,NBA,82,41,41,.500,19780,3202,7037,2394,4824,808,2213,1248,1768,872,2705,3577,1742,588,469,1102,1680,8460"
"124,2016-17,POR*,NBA,82,41,41,.500,19930,3243,7059,2391,4787,852,2272,1513,1940,830,2750,3580,1733,574,408,1126,1736,8851"
"125,2010-11,PHO,NBA,82,40,42,.488,20005,3219,6844,2518,4987,701,1857,1472,1939,821,2478,3299,1945,545,357,1169,1666,8611"
"126,2011-12,ATL*,NBA,66,40,26,.606,16165,2429,5348,1937,4018,492,1330,1025,1385,652,2066,2718,1481,536,303,921,1178,6375"
"127,2011-12,LAC*,NBA,66,40,26,.606,15965,2439,5366,1925,3925,514,1441,1046,1538,800,1943,2743,1385,556,315,879,1399,6438"
"128,2013-14,MIN,NBA,82,40,42,.488,19855,3189,7175,2589,5418,600,1757,1790,2301,1024,2644,3668,1963,718,297,1142,1504,8768"
"129,2014-15,BOS*,NBA,82,40,42,.488,19880,3193,7211,2533,5190,660,2021,1266,1678,910,2685,3595,2009,674,294,1133,1738,8312"
"130,2015-16,UTA,NBA,82,40,42,.488,19955,2957,6593,2263,4637,694,1956,1402,1885,880,2665,3545,1555,631,425,1224,1655,8010"
"131,2016-17,DEN,NBA,82,40,42,.488,19755,3377,7194,2507,4829,870,2365,1537,1986,966,2837,3803,2077,568,323,1226,1567,9161"
"132,2010-11,UTA,NBA,82,39,43,.476,19880,3064,6590,2629,5334,435,1256,1590,2061,898,2338,3236,1921,629,484,1175,1865,8153"
"133,2011-12,BOS*,NBA,66,39,27,.591,15940,2341,5086,1978,4098,363,988,1017,1308,509,2051,2560,1557,498,362,979,1315,6062"
"134,2014-15,PHO,NBA,82,39,43,.476,19880,3178,7038,2480,4990,698,2048,1343,1767,896,2643,3539,1659,700,385,1238,1744,8397"
"135,2017-18,DET,NBA,82,39,43,.476,19805,3208,7129,2322,4756,886,2373,1207,1621,830,2756,3586,1868,628,317,1103,1508,8509"
"136,2011-12,DEN*,NBA,66,38,28,.576,16040,2572,5404,2137,4093,435,1311,1293,1760,738,2105,2843,1581,540,330,1015,1297,6872"
"137,2012-13,MIL*,NBA,82,38,44,.463,19830,3128,7197,2527,5527,601,1670,1251,1700,1068,2537,3605,1876,685,550,1156,1554,8108"
"138,2013-14,ATL*,NBA,82,38,44,.463,19830,3061,6688,2293,4572,768,2116,1392,1782,713,2565,3278,2041,680,326,1251,1577,8282"
"139,2014-15,BRK*,NBA,82,38,44,.463,19930,3069,6804,2528,5171,541,1633,1359,1817,846,2627,3473,1716,576,340,1133,1579,8038"
"140,2014-15,IND,NBA,82,38,44,.463,19855,2998,6824,2386,5084,612,1740,1373,1817,856,2822,3678,1757,505,375,1147,1742,7981"
"141,2014-15,UTA,NBA,82,38,44,.463,19705,2900,6492,2290,4711,610,1781,1391,1929,988,2617,3605,1632,623,489,1256,1583,7801"
"142,2010-11,IND*,NBA,82,37,45,.451,19780,3003,6787,2418,5134,585,1653,1592,2035,914,2657,3571,1611,584,456,1262,1782,8183"
"143,2011-12,ORL*,NBA,66,37,29,.561,15965,2275,5162,1605,3377,670,1785,995,1508,742,2060,2802,1321,451,275,984,1168,6215"
"144,2013-14,NYK,NBA,82,37,45,.451,19855,3027,6739,2268,4701,759,2038,1271,1670,870,2437,3307,1641,631,367,1063,1815,8084"
"145,2014-15,MIA,NBA,82,37,45,.451,19730,2885,6330,2329,4671,556,1659,1438,1940,747,2461,3208,1626,642,372,1214,1636,7764"
"146,2016-17,DET,NBA,82,37,45,.451,19805,3269,7282,2638,5367,631,1915,1140,1586,908,2838,3746,1732,574,310,973,1467,8309"
"147,2010-11,GSW,NBA,82,36,46,.439,19830,3251,7047,2566,5298,685,1749,1290,1695,955,2370,3325,1847,737,406,1198,1806,8477"
"148,2011-12,DAL*,NBA,66,36,30,.545,16065,2398,5412,1901,3948,497,1464,1029,1334,665,2157,2822,1380,565,337,926,1226,6322"
"149,2011-12,NYK*,NBA,66,36,30,.545,15940,2365,5335,1848,3797,517,1538,1211,1634,743,2012,2755,1328,622,276,1056,1391,6458"
"150,2011-12,UTA*,NBA,66,36,30,.545,16165,2523,5531,2250,4686,273,845,1258,1668,861,2055,2916,1439,545,385,936,1441,6577"
"151,2013-14,DEN,NBA,82,36,46,.439,19755,3147,7042,2445,5083,702,1959,1563,2154,1009,2717,3726,1838,615,459,1305,1890,8559"
"152,2016-17,CHO,NBA,82,36,46,.439,19830,3093,7000,2269,4653,824,2347,1591,1953,721,2853,3574,1891,571,390,942,1360,8601"
"153,2017-18,CHO,NBA,82,36,46,.439,19780,3197,7106,2373,4873,824,2233,1656,2216,827,2901,3728,1770,559,373,1041,1409,8874"
"154,2010-11,MIL,NBA,82,35,47,.427,19830,2814,6544,2331,5130,483,1414,1423,1881,862,2480,3342,1545,617,399,1103,1682,7534"
"155,2011-12,PHI*,NBA,66,35,31,.530,15915,2471,5516,2122,4553,349,963,889,1198,704,2144,2848,1453,526,340,738,1157,6180"
"156,2015-16,ORL,NBA,82,35,47,.427,19905,3242,7120,2606,5302,636,1818,1249,1649,843,2709,3552,1933,673,417,1155,1701,8369"
"157,2017-18,LAL,NBA,82,35,47,.427,19905,3338,7248,2516,4864,822,2384,1364,1910,876,2927,3803,1949,633,388,1295,1736,8862"
"158,2010-11,CHA,NBA,82,34,48,.415,19805,2873,6365,2480,5162,393,1203,1511,1999,848,2444,3292,1728,524,433,1192,1637,7650"
"159,2011-12,HOU,NBA,66,34,32,.515,16065,2489,5543,2011,4213,478,1330,1018,1301,769,2014,2783,1404,496,319,955,1347,6474"
"160,2012-13,PHI,NBA,82,34,48,.415,19755,3059,6895,2541,5457,518,1438,1004,1377,896,2493,3389,1867,609,384,1070,1505,7640"
"161,2012-13,TOR,NBA,82,34,48,.415,19980,2979,6685,2408,5020,571,1665,1442,1831,871,2426,3297,1765,595,392,1124,1836,7971"
"162,2013-14,NOP,NBA,82,34,48,.415,19855,3101,6761,2615,5458,486,1303,1489,1936,933,2486,3419,1745,647,523,1129,1857,8177"
"163,2016-17,NOP,NBA,82,34,48,.415,19905,3210,7130,2442,4934,768,2196,1368,1825,703,2879,3582,1869,638,453,1054,1490,8556"
"164,2011-12,PHO,NBA,66,33,33,.500,15840,2495,5445,2051,4150,444,1295,1058,1397,717,2035,2752,1486,431,366,928,1233,6492"
"165,2012-13,POR,NBA,82,33,49,.402,19855,3009,6715,2336,4811,673,1904,1304,1680,874,2474,3348,1784,538,353,1203,1518,7995"
"166,2013-14,CLE,NBA,82,33,49,.402,19930,3036,6955,2452,5315,584,1640,1398,1861,989,2629,3618,1738,579,304,1163,1640,8054"
"167,2014-15,CHO,NBA,82,33,49,.402,19905,2913,6932,2415,5366,498,1566,1397,1867,820,2793,3613,1654,499,448,976,1494,7721"
"168,2015-16,DEN,NBA,82,33,49,.402,19830,3093,7003,2437,5060,656,1943,1513,1974,941,2718,3659,1858,609,395,1202,1723,8355"
"169,2015-16,MIL,NBA,82,33,49,.402,19830,3145,6740,2705,5463,440,1277,1392,1863,858,2559,3417,1895,672,475,1247,1695,8122"
"170,2015-16,SAC,NBA,82,33,49,.402,19805,3283,7083,2623,5244,660,1839,1514,2089,868,2760,3628,2009,733,368,1326,1676,8740"
"171,2016-17,DAL,NBA,82,33,49,.402,19780,2968,6750,2090,4277,878,2473,1215,1516,647,2516,3163,1705,614,307,972,1567,8029"
"172,2010-11,LAC,NBA,82,32,50,.390,19855,3015,6594,2502,5075,513,1519,1546,2187,955,2501,3456,1813,585,402,1343,1733,8089"
"173,2014-15,DET,NBA,82,32,50,.390,19830,3041,7038,2338,4995,703,2043,1292,1838,1051,2630,3681,1771,623,383,1099,1559,8077"
"174,2015-16,NYK,NBA,82,32,50,.390,19805,3022,6886,2412,5124,610,1762,1411,1753,850,2788,3638,1682,467,466,1099,1616,8065"
"175,2016-17,SAC,NBA,82,32,50,.390,19880,3105,6734,2368,4774,737,1960,1483,1913,715,2652,3367,1844,627,324,1201,1667,8430"
"176,2011-12,MIL,NBA,66,31,35,.470,15865,2502,5652,2066,4387,436,1265,1095,1415,820,1983,2803,1550,548,335,929,1273,6535"
"177,2012-13,MIN,NBA,82,31,51,.378,19730,2943,6702,2493,5227,450,1475,1515,2042,973,2473,3446,1836,700,387,1214,1509,7851"
"178,2016-17,MIN,NBA,82,31,51,.378,19805,3235,6922,2634,5199,601,1723,1586,1986,938,2540,3478,1940,654,370,1150,1646,8657"
"179,2016-17,NYK,NBA,82,31,51,.378,19855,3244,7256,2540,5234,704,2022,1364,1731,983,2723,3706,1786,581,455,1139,1668,8556"
"180,2010-11,DET,NBA,82,30,52,.366,19880,3056,6647,2584,5391,472,1256,1367,1854,931,2236,3167,1730,595,328,1067,1629,7951"
"181,2014-15,DEN,NBA,82,30,52,.366,19880,3099,7158,2439,5126,660,2032,1462,1991,1012,2653,3665,1788,641,367,1166,1882,8320"
"182,2015-16,NOP,NBA,82,30,52,.366,19780,3153,7040,2451,5089,702,1951,1415,1823,782,2712,3494,1818,633,342,1102,1713,8423"
"183,2012-13,DET,NBA,82,29,53,.354,19805,2979,6638,2466,5198,513,1440,1307,1870,991,2463,3454,1742,574,400,1241,1623,7778"
"184,2012-13,WAS,NBA,82,29,53,.354,19855,2910,6693,2365,5198,545,1495,1279,1746,887,2652,3539,1775,598,376,1238,1681,7644"
"185,2013-14,DET,NBA,82,29,53,.354,19780,3182,7124,2675,5544,507,1580,1415,2111,1196,2525,3721,1714,687,395,1193,1666,8286"
"186,2014-15,SAC,NBA,82,29,53,.354,19855,3010,6617,2549,5267,461,1350,1829,2400,895,2728,3623,1667,550,324,1333,1696,8310"
"187,2015-16,MIN,NBA,82,29,53,.354,19880,3095,6668,2640,5321,455,1347,1753,2213,821,2587,3408,1916,656,375,1231,1696,8398"
"188,2016-17,ORL,NBA,82,29,53,.354,19805,3139,7133,2438,4994,701,2139,1309,1753,807,2734,3541,1820,580,396,1091,1584,8288"
"189,2017-18,NYK,NBA,82,29,53,.354,19830,3334,7193,2661,5279,673,1914,1225,1557,859,2752,3611,1912,552,421,1207,1682,8566"
"190,2011-12,POR,NBA,66,28,38,.424,15965,2402,5417,1924,4035,478,1382,1133,1423,735,1949,2684,1349,528,322,935,1251,6415"
"191,2012-13,SAC,NBA,82,28,54,.341,19830,3086,6904,2476,5223,610,1681,1437,1869,943,2385,3328,1708,671,342,1199,1717,8219"
"192,2013-14,SAC,NBA,82,28,54,.341,19830,3026,6766,2535,5291,491,1475,1698,2237,990,2656,3646,1547,587,318,1249,1849,8241"
"193,2016-17,PHI,NBA,82,28,54,.341,19830,3088,6992,2257,4549,831,2443,1393,1806,807,2706,3513,1949,692,420,1366,1793,8400"
"194,2017-18,BRK,NBA,82,28,54,.341,19855,3136,7114,2095,4190,1041,2924,1428,1850,792,2852,3644,1941,512,390,1245,1688,8741"
"195,2012-13,NOH,NBA,82,27,55,.329,19780,2955,6589,2420,5115,535,1474,1269,1636,988,2426,3414,1721,520,440,1193,1673,7714"
"196,2013-14,LAL,NBA,82,27,55,.329,19705,3139,6980,2365,4948,774,2032,1390,1835,745,2620,3365,2006,611,446,1239,1627,8442"
"197,2017-18,CHI,NBA,82,27,55,.329,19855,3170,7285,2264,4736,906,2549,1194,1574,790,2873,3663,1923,626,289,1147,1571,8440"
"198,2017-18,SAC,NBA,82,27,55,.329,19755,3179,7063,2441,5096,738,1967,1008,1371,777,2578,3355,1768,643,340,1125,1639,8104"
"199,2011-12,MIN,NBA,66,26,40,.394,15940,2355,5434,1882,4011,473,1423,1281,1662,797,2089,2886,1290,436,293,1001,1212,6464"
"200,2016-17,LAL,NBA,82,26,56,.317,19705,3224,7164,2494,5054,730,2110,1397,1853,933,2636,3569,1716,674,320,1243,1698,8575"
"201,2013-14,UTA,NBA,82,25,57,.305,19780,2951,6652,2408,5075,543,1577,1346,1803,904,2477,3381,1664,570,366,1200,1699,7791"
"202,2017-18,ORL,NBA,82,25,57,.305,19730,3182,7042,2338,4637,844,2405,1271,1678,722,2692,3414,1921,622,400,1192,1579,8479"
"203,2011-12,DET,NBA,66,25,41,.379,15965,2291,5232,1974,4316,317,916,1098,1461,775,1882,2657,1232,460,278,1033,1293,5997"
"204,2014-15,ORL,NBA,82,25,57,.305,19755,3076,6792,2522,5194,554,1598,1141,1565,822,2607,3429,1692,647,314,1221,1714,7847"
"205,2012-13,PHO,NBA,82,25,57,.305,19805,3061,6917,2581,5462,480,1455,1203,1618,959,2454,3413,1855,659,434,1278,1688,7805"
"206,2013-14,BOS,NBA,82,25,57,.305,19730,2996,6883,2421,5154,575,1729,1325,1706,980,2505,3485,1726,584,343,1261,1743,7892"
"207,2017-18,ATL,NBA,82,24,58,.293,19705,3130,7015,2213,4471,917,2544,1298,1654,743,2693,3436,1946,638,348,1276,1606,8475"
"208,2017-18,DAL,NBA,82,24,58,.293,19805,3128,7042,2161,4354,967,2688,1167,1530,666,2717,3383,1858,578,310,1008,1578,8390"
"209,2010-11,NJN,NBA,82,24,58,.293,20005,2918,6638,2459,5301,459,1337,1427,1881,909,2440,3349,1723,458,384,1152,1807,7722"
"210,2010-11,SAC,NBA,82,24,58,.293,19855,3134,6979,2706,5702,428,1277,1455,1981,1071,2526,3597,1675,608,391,1324,1805,8151"
"211,2012-13,CLE,NBA,82,24,58,.293,19730,2993,6901,2446,5320,547,1581,1380,1826,1004,2359,3363,1694,647,334,1149,1737,7913"
"212,2016-17,PHO,NBA,82,24,58,.293,19830,3270,7260,2655,5406,615,1854,1676,2159,976,2712,3688,1604,673,399,1265,2030,8831"
"213,2011-12,GSW,NBA,66,23,43,.348,15915,2489,5443,1965,4092,524,1351,951,1235,640,1947,2587,1470,528,362,915,1410,6453"
"214,2013-14,ORL,NBA,82,23,59,.280,19955,3022,6784,2459,5188,563,1596,1307,1714,794,2654,3448,1726,630,350,1222,1678,7914"
"215,2010-11,WAS,NBA,82,23,59,.280,19930,3048,6888,2656,5706,392,1182,1489,1999,1013,2374,3387,1592,665,502,1258,1850,7977"
"216,2011-12,TOR,NBA,66,23,43,.348,15965,2268,5154,1903,4079,365,1075,1085,1410,697,2074,2771,1382,429,321,1001,1532,5986"
"217,2015-16,PHO,NBA,82,23,59,.280,19705,3051,7018,2313,4900,738,2118,1431,1905,943,2733,3676,1701,632,313,1410,1858,8271"
"218,2017-18,MEM,NBA,82,22,60,.268,19705,3013,6788,2255,4636,758,2152,1361,1732,779,2544,3323,1767,613,396,1227,1900,8145"
"219,2010-11,TOR,NBA,82,22,60,.268,19780,3144,6755,2799,5664,345,1091,1491,1976,963,2343,3306,1795,581,350,1206,1807,8124"
"220,2011-12,NJN,NBA,66,22,44,.333,15890,2262,5320,1755,3839,507,1481,1113,1433,783,1879,2662,1311,493,260,995,1268,6144"
"221,2011-12,SAC,NBA,66,22,44,.333,15915,2490,5712,2079,4411,411,1301,1127,1532,882,1947,2829,1271,561,323,952,1287,6518"
"222,2011-12,CLE,NBA,66,21,45,.318,15965,2261,5360,1821,4087,440,1273,1178,1645,841,1949,2790,1308,466,262,1017,1317,6140"
"223,2011-12,NOH,NBA,66,21,45,.318,15940,2300,5103,2041,4326,259,777,1057,1397,724,1991,2715,1368,488,316,1024,1324,5916"
"224,2015-16,BRK,NBA,82,21,61,.256,19755,3136,6920,2605,5412,531,1508,1286,1699,863,2614,3477,1829,627,332,1212,1476,8089"
"225,2017-18,PHO,NBA,82,21,61,.256,19705,3153,7141,2390,4855,763,2286,1453,1962,842,2776,3618,1743,569,370,1289,1807,8522"
"226,2014-15,LAL,NBA,82,21,61,.256,19930,3054,7020,2522,5474,532,1546,1433,1935,952,2647,3599,1715,578,366,1086,1741,8073"
"227,2012-13,CHA,NBA,82,21,61,.256,19805,2823,6649,2354,5250,469,1399,1546,2060,917,2389,3306,1587,591,479,1153,1561,7661"
"228,2016-17,BRK,NBA,82,20,62,.244,19755,3102,6987,2225,4396,877,2591,1592,2020,721,2879,3600,1756,593,387,1356,1726,8673"
"229,2011-12,WAS,NBA,66,20,46,.303,15865,2414,5475,2070,4400,344,1075,1008,1386,775,1975,2750,1262,527,417,1008,1405,6180"
"230,2012-13,ORL,NBA,82,20,62,.244,19780,3093,6904,2587,5367,506,1537,1026,1359,890,2612,3502,1871,528,358,1191,1591,7718"
"231,2010-11,CLE,NBA,82,19,63,.232,19755,2886,6647,2377,5158,509,1489,1546,2075,856,2449,3305,1720,544,341,1166,1648,7827"
"232,2013-14,PHI,NBA,82,19,63,.232,19855,3108,7150,2531,5303,577,1847,1362,1918,949,2556,3505,1791,765,330,1384,1844,8155"
"233,2014-15,PHI,NBA,82,18,64,.220,19805,2765,6777,2073,4617,692,2160,1320,1953,978,2536,3514,1683,789,487,1453,1778,7542"
"234,2010-11,MIN,NBA,82,17,65,.207,19780,3090,7014,2501,5449,589,1565,1519,1977,1085,2556,3641,1650,592,422,1398,1825,8288"
"235,2014-15,NYK,NBA,82,17,65,.207,19855,2882,6726,2322,5112,560,1614,1211,1575,867,2443,3310,1746,575,382,1206,1768,7535"
"236,2015-16,LAL,NBA,82,17,65,.207,19730,2880,6956,2241,4940,639,2016,1583,2028,878,2645,3523,1478,593,337,1124,1662,7982"
"237,2014-15,MIN,NBA,82,16,66,.195,19805,2986,6820,2580,5597,406,1223,1638,2110,949,2406,3355,1771,668,327,1231,1571,8016"
"238,2013-14,MIL,NBA,82,15,67,.183,19880,2952,6737,2404,5184,548,1553,1377,1843,971,2399,3370,1760,541,403,1238,1713,7829"
"239,2015-16,PHI,NBA,82,10,72,.122,19805,2970,6887,2206,4632,764,2255,1284,1850,777,2605,3382,1765,680,495,1343,1780,7988"
"240,2011-12,CHA,NBA,66,7,59,.106,15890,2193,5293,1930,4401,263,892,1090,1462,677,1894,2571,1326,397,361,957,1249,5739"
