Rank,Team,Roster,25-Man Payroll,Injured Reserve,Retained,Buried,Suspended,2011 Total Payroll,year,sport
1,New York Yankees,41.0,"$212,609,678",,"$950,000",,,"$213,559,678",2011,mlb
2,Boston Red Sox,47.0,"$164,517,590",,"$8,239,278",,,"$172,553,261",2011,mlb
3,Philadelphia Phillies,38.0,"$169,799,882",,"$168,300",,,"$169,968,182",2011,mlb
4,Los Angeles Angels of Anaheim,38.0,"$133,613,959",,"$13,034,600",,,"$146,648,559",2011,mlb
5,New York Mets,38.0,"$96,163,418",,"$45,668,423",,,"$141,831,841",2011,mlb
6,Chicago Cubs,40.0,"$124,652,698",,"$14,825,000",,,"$139,477,698",2011,mlb
7,Chicago White Sox,40.0,"$123,584,951",,"$7,038,798",,,"$130,623,749",2011,mlb
8,San Francisco Giants,39.0,"$124,882,250",,"$1,100,000",,,"$125,982,250",2011,mlb
9,Los Angeles Dodgers,41.0,"$98,679,615",,"$19,989,000",,,"$118,668,615",2011,mlb
10,St. Louis Cardinals,39.0,"$113,348,748",,"$2,808,564","$700,000",,"$116,857,312",2011,mlb
11,Minnesota Twins,29.0,"$106,871,000",,"$7,108,594",,,"$113,979,594",2011,mlb
12,Detroit Tigers,36.0,"$111,271,015",,"$250,000",,,"$111,521,015",2011,mlb
13,Texas Rangers,39.0,"$99,272,920",,"$4,468,801",,,"$103,741,721",2011,mlb
14,Seattle Mariners,42.0,"$88,907,834",,"$12,521,314",,,"$101,429,148",2011,mlb
15,Atlanta Braves,43.0,"$98,521,630",,"$1,308,600",,,"$99,830,230",2011,mlb
16,Baltimore Orioles,49.0,"$94,391,741",,,,,"$94,391,741",2011,mlb
17,Milwaukee Brewers,45.0,"$92,127,802",,,,,"$92,127,802",2011,mlb
18,Houston Astros,42.0,"$72,098,000",,"$13,476,503",,,"$85,574,503",2011,mlb
19,Colorado Rockies,32.0,"$77,731,972",,"$5,530,198",,,"$83,262,170",2011,mlb
20,Cincinnati Reds,38.0,"$79,612,874",,"$2,307,672",,,"$81,920,546",2011,mlb
21,Oakland Athletics,45.0,"$69,967,475",,"$6,515,573",,,"$76,483,048",2011,mlb
22,Washington Nationals,44.0,"$72,988,723",,,"$2,000,000",,"$74,988,723",2011,mlb
23,Toronto Blue Jays,38.0,"$56,304,461",,"$17,187,143",,,"$73,491,604",2011,mlb
24,Arizona Diamondbacks,38.0,"$57,930,520",,"$6,954,451","$900,000",,"$65,784,971",2011,mlb
25,Florida Marlins,41.0,"$63,287,393",,"$2,000,000",,,"$65,287,393",2011,mlb
26,Cleveland Indians,45.0,"$55,960,593",,,,,"$55,960,593",2011,mlb
27,Pittsburgh Pirates,45.0,"$46,784,667",,"$1,808,060",,,"$48,592,727",2011,mlb
28,San Diego Padres,37.0,"$47,418,810",,"$600,000",,,"$48,018,810",2011,mlb
29,Tampa Bay Rays,38.0,"$45,728,532",,"$370,000",,,"$46,098,532",2011,mlb
30,Kansas City Royals,34.0,"$38,803,600",,"$509,673","$1,380,000",,"$40,693,273",2011,mlb
1,New York Yankees,42.0,"$214,396,932",,"$14,098,524",,,"$228,495,456",2012,mlb
2,Philadelphia Phillies,45.0,"$169,582,490",,"$10,318,033",,,"$179,900,523",2012,mlb
3,Boston Red Sox,47.0,"$168,455,280",,"$6,823,771",,,"$175,279,051",2012,mlb
4,Los Angeles Angels of Anaheim,36.0,"$153,844,690",,"$3,323,935",,,"$157,168,625",2012,mlb
5,Detroit Tigers,42.0,"$138,762,284",,"$5,500,000",,,"$144,262,284",2012,mlb
6,Texas Rangers,40.0,"$134,976,346",,"$3,250,000",,,"$138,226,346",2012,mlb
7,San Francisco Giants,41.0,"$122,825,338",,"$14,697,867",,,"$137,523,205",2012,mlb
8,Los Angeles Dodgers,45.0,"$112,952,717",,"$7,832,000",,,"$120,784,717",2012,mlb
9,St. Louis Cardinals,44.0,"$118,985,685",,"$1,475,684",,,"$120,461,369",2012,mlb
10,Chicago Cubs,50.0,"$83,799,366",,"$32,542,160",,,"$116,341,526",2012,mlb
11,Milwaukee Brewers,47.0,"$108,461,584",,"$2,443,716",,,"$110,905,300",2012,mlb
12,Minnesota Twins,49.0,"$109,130,327",,,,,"$109,130,327",2012,mlb
13,Chicago White Sox,40.0,"$108,250,892",,"$721,311",,,"$108,972,203",2012,mlb
14,New York Mets,43.0,"$101,930,952",,"$3,938,524",,,"$105,869,476",2012,mlb
15,Miami Marlins,40.0,"$81,018,688",,"$17,249,970","$850,000",,"$98,392,974",2012,mlb
16,Washington Nationals,43.0,"$95,836,048",,"$420,765","$2,000,000",,"$98,256,813",2012,mlb
17,Atlanta Braves,37.0,"$86,492,616",,"$11,435,440",,,"$97,928,056",2012,mlb
18,Toronto Blue Jays,42.0,"$90,559,953",,"$6,083,969","$650,000",,"$97,293,922",2012,mlb
19,Cincinnati Reds,40.0,"$89,101,498",,,"$800,000",,"$89,901,498",2012,mlb
20,Colorado Rockies,43.0,"$77,376,456",,"$10,834,425",,,"$88,210,881",2012,mlb
21,Seattle Mariners,45.0,"$73,220,850",,"$11,218,580",,,"$84,439,430",2012,mlb
22,Baltimore Orioles,41.0,"$80,099,381",,"$3,626,487",,,"$83,725,868",2012,mlb
23,Arizona Diamondbacks,41.0,"$73,439,259",,"$8,336,613","$1,183,333",,"$82,959,205",2012,mlb
24,Cleveland Indians,51.0,"$71,325,549",,"$5,993,989",,,"$77,319,538",2012,mlb
25,Kansas City Royals,45.0,"$66,385,000",,"$2,579,235","$1,380,000",,"$70,344,235",2012,mlb
26,Tampa Bay Rays,38.0,"$68,232,330",,"$2,010,000",,,"$70,242,330",2012,mlb
27,San Diego Padres,39.0,"$60,061,913",,"$2,550,000","$747,500",,"$63,839,413",2012,mlb
28,Pittsburgh Pirates,44.0,"$58,617,066",,"$3,186,203",,,"$61,803,269",2012,mlb
29,Oakland Athletics,45.0,"$56,723,737",,"$2,249,836",,,"$58,973,573",2012,mlb
30,Houston Astros,43.0,"$23,728,500",,"$30,818,739",,,"$54,547,239",2012,mlb
31,Florida Marlins,0.0,,,"$918,033",,,"$918,033",2012,mlb
1,Los Angeles Dodgers,39.0,"$207,344,759","$505,000","$25,747,116","$7,977,500",,"$239,894,375",2013,mlb
2,New York Yankees,39.0,"$207,768,301","$14,900,000","$14,645,450","$3,008,675",,"$239,288,940",2013,mlb
3,Boston Red Sox,41.0,"$155,978,895","$7,040,000","$5,340,903","$3,630,000",,"$170,734,264",2013,mlb
4,Philadelphia Phillies,40.0,"$153,273,261","$1,755,291","$8,307,527","$980,000",,"$163,536,898",2013,mlb
5,Detroit Tigers,32.0,"$145,423,867","$3,994,000","$5,805,672",,,"$155,223,539",2013,mlb
6,Los Angeles Angels of Anaheim,35.0,"$116,449,230","$870,218","$23,845,171","$1,963,000",,"$141,435,103",2013,mlb
7,San Francisco Giants,37.0,"$135,382,980","$2,498,000","$2,157,977","$490,500",,"$140,280,186",2013,mlb
8,Texas Rangers,39.0,"$114,162,497","$10,465,901","$13,104,000","$2,461,100",,"$137,937,146",2013,mlb
9,Toronto Blue Jays,41.0,"$118,289,792",,"$5,613,565","$10,690,000",,"$131,771,168",2013,mlb
10,St. Louis Cardinals,38.0,"$95,053,922","$20,000,000","$5,406,476","$980,000",,"$120,516,627",2013,mlb
11,Washington Nationals,38.0,"$110,761,470","$491,000","$3,537,090","$2,980,000",,"$116,883,274",2013,mlb
12,Chicago White Sox,35.0,"$82,929,539",,"$28,663,303","$980,000",,"$111,777,595",2013,mlb
13,Cincinnati Reds,34.0,"$97,657,483","$4,773,114",,"$2,180,000",,"$103,804,640",2013,mlb
14,New York Mets,38.0,"$44,861,236","$26,000,625","$29,697,743","$1,976,144",,"$101,300,814",2013,mlb
15,Baltimore Orioles,40.0,"$96,366,019","$2,000,000","$2,007,009","$490,000",,"$100,415,869",2013,mlb
16,Chicago Cubs,38.0,"$48,057,243","$6,763,715","$40,905,330","$5,690,000",,"$100,052,899",2013,mlb
17,Atlanta Braves,35.0,"$86,661,842","$7,739,750","$202,972","$1,471,250",,"$94,947,950",2013,mlb
18,Cleveland Indians,34.0,"$68,279,465","$8,602,603","$13,914,068","$2,668,600",,"$93,008,897",2013,mlb
19,Arizona Diamondbacks,33.0,"$75,126,043","$3,000,000","$9,916,749","$2,947,500",,"$88,316,478",2013,mlb
20,Milwaukee Brewers,35.0,"$69,142,690","$1,473,000","$7,818,853","$980,000","$9,500,000","$88,221,045",2013,mlb
21,Kansas City Royals,39.0,"$75,494,673","$1,100,000","$6,399,663","$1,870,000",,"$84,398,434",2013,mlb
22,Seattle Mariners,34.0,"$63,266,296","$492,200","$19,217,866","$980,000",,"$83,220,022",2013,mlb
23,Minnesota Twins,35.0,"$56,942,945","$1,665,000","$17,083,194","$6,480,000",,"$81,458,898",2013,mlb
24,Colorado Rockies,39.0,"$74,020,354",,"$1,459,705","$4,265,500",,"$79,271,624",2013,mlb
25,Tampa Bay Rays,40.0,"$67,029,393","$3,270,436","$4,222,200","$490,000",,"$74,572,903",2013,mlb
26,San Diego Padres,40.0,"$63,615,894","$605,000","$8,875,201","$1,472,800",,"$73,286,341",2013,mlb
27,Pittsburgh Pirates,37.0,"$65,262,905","$2,500,000","$832,370","$4,098,000",,"$71,480,984",2013,mlb
28,Oakland Athletics,38.0,"$62,190,572","$2,875,000","$1,984,590","$490,000",,"$67,055,517",2013,mlb
29,Miami Marlins,35.0,"$23,618,327","$4,170,000","$6,896,666","$2,450,000",,"$36,028,542",2013,mlb
30,Houston Astros,33.0,"$11,675,066","$893,384","$21,912,961","$1,290,000",,"$35,567,913",2013,mlb
1,Los Angeles Dodgers,35.0,"$234,067,142","$1,500,000","$7,100,000","$3,700,000",,"$246,367,142",2014,mlb
2,New York Yankees,37.0,"$198,020,464",,"$16,763,048","$1,022,125",,"$214,898,031",2014,mlb
3,Philadelphia Phillies,30.0,"$145,123,014","$25,000,000","$4,263,731","$3,500,000",,"$175,061,605",2014,mlb
4,Detroit Tigers,35.0,"$147,009,969","$17,310,000","$7,255,247","$1,504,000",,"$171,996,220",2014,mlb
5,San Francisco Giants,42.0,"$152,735,333",,"$18,501,449","$750,000",,"$171,336,782",2014,mlb
6,Boston Red Sox,38.0,"$95,417,971",,"$61,397,733","$500,000",,"$170,095,758",2014,mlb
7,Los Angeles Angels of Anaheim,41.0,"$132,451,972",,"$32,051,279","$900,000",,"$165,403,251",2014,mlb
8,Washington Nationals,38.0,"$149,257,210","$77,160","$136,612",,,"$149,470,982",2014,mlb
9,Toronto Blue Jays,37.0,"$122,125,961","$3,000,000","$5,186,211","$11,500,000",,"$141,812,172",2014,mlb
10,Texas Rangers,47.0,"$129,809,240","$1,002,163","$8,819,180",,,"$139,630,583",2014,mlb
11,St. Louis Cardinals,38.0,"$114,533,043",,"$5,699,886","$1,000,000",,"$121,232,929",2014,mlb
12,Atlanta Braves,39.0,"$102,713,304",,"$14,100,492","$1,000,000",,"$116,865,707",2014,mlb
13,Baltimore Orioles,36.0,"$105,470,318","$3,000,000","$2,282,926","$3,225,000",,"$113,562,943",2014,mlb
14,Cincinnati Reds,35.0,"$99,229,931","$6,000,000","$6,890,711","$2,714,285",,"$113,351,318",2014,mlb
15,Milwaukee Brewers,36.0,"$108,174,589",,"$2,320,491","$1,000,000",,"$110,577,046",2014,mlb
16,Seattle Mariners,39.0,"$98,030,060","$2,800,000","$3,504,114","$1,700,000",,"$107,034,174",2014,mlb
17,Arizona Diamondbacks,40.0,"$68,514,917","$9,500,000","$28,134,272","$2,500,000",,"$106,482,519",2014,mlb
18,Kansas City Royals,36.0,"$90,536,848",,"$4,686,452","$3,335,000",,"$98,558,300",2014,mlb
19,Colorado Rockies,39.0,"$96,456,583",,"$202,995",,,"$96,659,578",2014,mlb
20,New York Mets,33.0,"$73,675,535","$345,811","$19,290,982","$3,025,000",,"$94,478,037",2014,mlb
21,Oakland Athletics,35.0,"$65,760,582","$733,879","$22,605,236","$5,375,000",,"$93,518,412",2014,mlb
22,Chicago Cubs,38.0,"$53,604,470",,"$34,683,034","$2,203,500",,"$89,539,741",2014,mlb
23,Chicago White Sox,31.0,"$60,305,897",,"$28,411,749","$1,512,400",,"$89,221,236",2014,mlb
24,Minnesota Twins,34.0,"$72,140,448",,"$15,337,637","$500,000",,"$87,494,478",2014,mlb
25,San Diego Padres,39.0,"$67,296,350","$501,400","$16,594,743","$2,002,000",,"$85,001,967",2014,mlb
26,Cleveland Indians,33.0,"$59,720,646","$1,000,000","$23,415,930","$1,430,000",,"$84,369,908",2014,mlb
27,Pittsburgh Pirates,31.0,"$68,883,439","$505,500","$7,320,970","$1,950,000",,"$76,974,115",2014,mlb
28,Tampa Bay Rays,40.0,"$63,704,707",,"$13,116,339",,,"$76,821,046",2014,mlb
29,Houston Astros,38.0,"$41,637,464","$3,594,262","$6,051,590","$1,500,000",,"$51,679,490",2014,mlb
30,Miami Marlins,34.0,"$39,231,780","$3,500,000","$7,939,616",,,"$50,671,396",2014,mlb
1,Los Angeles Dodgers,38.0,"$199,977,688","$20,914,084","$70,324,195","$16,826,000",,"$301,735,080",2015,mlb
2,New York Yankees,40.0,"$187,271,441","$24,415,379","$9,939,561","$2,542,500","$507,500","$222,528,373",2015,mlb
3,San Francisco Giants,36.0,"$133,109,385","$38,423,837","$12,322,089","$3,732,500",,"$186,413,630",2015,mlb
4,Boston Red Sox,35.0,"$95,030,446","$42,985,571","$45,443,277","$1,522,500",,"$183,481,478",2015,mlb
5,Washington Nationals,39.0,"$146,009,803","$17,556,549","$2,000,000","$507,500",,"$165,655,095",2015,mlb
6,Detroit Tigers,37.0,"$109,879,336","$27,072,978","$25,208,607",,,"$162,160,921",2015,mlb
7,Texas Rangers,38.0,"$124,525,876","$13,135,760","$14,368,970","$2,560,000",,"$152,445,607",2015,mlb
8,Los Angeles Angels,39.0,"$106,512,083","$19,015,000","$24,043,722","$4,241,500",,"$151,348,162",2015,mlb
9,Philadelphia Phillies,33.0,"$52,800,331","$33,290,177","$51,719,664","$6,302,666",,"$141,722,639",2015,mlb
10,Toronto Blue Jays,37.0,"$106,426,104","$6,382,500","$25,214,964","$3,578,100",,"$138,309,664",2015,mlb
11,Chicago Cubs,37.0,"$106,652,384","$1,000,000","$23,656,617","$3,757,500",,"$132,993,810",2015,mlb
12,St. Louis Cardinals,38.0,"$128,814,787","$3,195,000",,"$3,552,500",,"$132,178,951",2015,mlb
13,Kansas City Royals,36.0,"$111,740,891","$10,483,450","$4,047,582","$2,538,200",,"$126,529,835",2015,mlb
14,Seattle Mariners,33.0,"$95,874,782","$1,383,169","$25,921,321","$4,538,400",,"$126,045,473",2015,mlb
15,Chicago White Sox,32.0,"$94,365,735","$507,500","$9,052,252","$1,950,000","$13,000,000","$118,875,487",2015,mlb
16,Baltimore Orioles,37.0,"$93,958,315","$1,245,000","$22,276,584","$2,566,500",,"$117,784,476",2015,mlb
17,New York Mets,38.0,"$102,480,260","$5,551,249","$1,579,200","$6,837,900",,"$115,698,927",2015,mlb
18,Cincinnati Reds,35.0,"$68,445,559","$22,890,777","$20,832,787","$1,525,000",,"$112,333,097",2015,mlb
19,Atlanta Braves,33.0,"$55,022,799","$11,263,899","$44,307,649","$1,522,500",,"$110,838,389",2015,mlb
20,Minnesota Twins,35.0,"$101,448,147","$2,070,081","$3,950,000","$2,575,000",,"$107,981,818",2015,mlb
21,San Diego Padres,37.0,"$93,212,255","$11,029,819","$3,267,222","$1,568,000",,"$107,915,272",2015,mlb
22,Colorado Rockies,38.0,"$74,930,648","$5,862,600","$25,765,868","$1,527,500",,"$106,860,781",2015,mlb
23,Pittsburgh Pirates,33.0,"$81,904,030","$14,318,868","$2,759,768","$3,548,000",,"$99,435,606",2015,mlb
24,Milwaukee Brewers,34.0,"$58,772,714","$1,020,000","$33,510,458","$4,120,000",,"$94,010,873",2015,mlb
25,Houston Astros,33.0,"$64,818,398","$11,040,900","$3,150,680","$5,545,000",,"$81,450,835",2015,mlb
26,Oakland Athletics,34.0,"$41,897,450","$8,772,896","$29,468,089","$2,537,500",,"$80,376,830",2015,mlb
27,Cleveland Indians,36.0,"$45,520,977","$680,720","$29,817,050","$3,907,077",,"$77,404,413",2015,mlb
28,Arizona Diamondbacks,39.0,"$45,142,733","$1,026,500","$30,465,028","$900,000",,"$76,781,801",2015,mlb
29,Tampa Bay Rays,35.0,"$52,092,948","$8,440,963","$12,505,697","$3,337,500",,"$73,582,652",2015,mlb
30,Miami Marlins,32.0,"$28,171,144","$15,751,830","$19,528,890","$1,015,000",,"$63,590,525",2015,mlb
1,Los Angeles Dodgers,40.0,"$193,881,011","$13,288,890","$54,652,847","$9,090,000",,"$268,745,494",2016,mlb
2,New York Yankees,36.0,"$159,213,515","$10,509,409","$50,238,466","$1,522,500",,"$220,743,376",2016,mlb
3,Boston Red Sox,35.0,"$165,121,274","$19,567,513","$2,194,948","$23,874,428",,"$207,758,836",2016,mlb
4,Detroit Tigers,34.0,"$163,019,728","$28,189,200","$8,675,064","$2,555,000",,"$200,179,285",2016,mlb
5,Chicago Cubs,36.0,"$161,378,832","$2,050,500","$19,412,586","$3,230,000",,"$184,352,494",2016,mlb
6,San Francisco Giants,36.0,"$176,177,032","$487,120","$1,082,965","$4,352,500",,"$178,326,844",2016,mlb
7,Los Angeles Angels,33.0,"$89,878,997","$39,667,205","$42,327,190","$6,071,500",,"$174,363,407",2016,mlb
8,Texas Rangers,37.0,"$134,724,626","$21,458,018","$6,652,924","$2,033,000",,"$163,021,690",2016,mlb
9,Toronto Blue Jays,36.0,"$138,232,539","$1,000,000","$12,644,767","$4,083,200",,"$152,285,479",2016,mlb
10,Baltimore Orioles,35.0,"$144,461,083","$2,650,245","$2,773,173","$3,061,000",,"$150,302,252",2016,mlb
11,St. Louis Cardinals,36.0,"$132,790,389","$13,596,500","$2,968,981",,,"$149,355,870",2016,mlb
12,New York Mets,38.0,"$101,798,286","$39,822,605","$6,117,623",,,"$147,738,514",2016,mlb
13,Seattle Mariners,35.0,"$131,833,221","$4,036,934","$9,931,590","$3,556,000",,"$146,536,553",2016,mlb
14,Kansas City Royals,35.0,"$106,349,212","$20,825,000","$14,210,664","$1,016,000",,"$141,587,358",2016,mlb
15,Washington Nationals,35.0,"$119,216,458","$5,869,400","$14,207,786","$515,900",,"$139,383,852",2016,mlb
16,Chicago White Sox,35.0,"$88,724,466","$12,024,268","$28,966,952",,,"$129,715,686",2016,mlb
17,Colorado Rockies,37.0,"$88,354,041","$1,289,832","$16,710,362","$3,037,000",,"$107,902,280",2016,mlb
18,Cleveland Indians,37.0,"$61,284,062","$11,875,000","$30,765,065","$2,015,000","$1,000,000","$105,971,268",2016,mlb
19,Philadelphia Phillies,37.0,"$53,797,706","$22,025,303","$21,909,132","$6,166,668",,"$103,898,809",2016,mlb
20,Houston Astros,34.0,"$75,441,606","$6,968,124","$19,455,584","$2,507,500",,"$103,328,742",2016,mlb
21,Pittsburgh Pirates,34.0,"$57,311,465","$10,861,276","$31,267,751","$2,030,000",,"$99,518,136",2016,mlb
22,Arizona Diamondbacks,35.0,"$78,823,003","$1,051,200","$17,455,091","$3,561,200",,"$97,874,482",2016,mlb
23,Minnesota Twins,31.0,"$61,165,450","$24,241,532","$8,975,794","$3,782,000",,"$97,244,457",2016,mlb
24,Atlanta Braves,35.0,"$46,917,344","$8,116,832","$41,248,677","$4,650,000",,"$96,080,633",2016,mlb
25,Cincinnati Reds,31.0,"$63,783,665","$11,856,070","$10,862,757","$4,953,000",,"$88,626,437",2016,mlb
26,San Diego Padres,35.0,"$21,580,892","$13,711,664","$48,181,815","$1,016,800",,"$83,507,657",2016,mlb
27,Oakland Athletics,34.0,"$27,854,151","$19,754,414","$35,098,597","$507,500",,"$82,879,088",2016,mlb
28,Miami Marlins,37.0,"$61,342,038",,"$12,832,559","$6,199,500",,"$77,715,306",2016,mlb
29,Tampa Bay Rays,33.0,"$36,226,000","$5,226,100","$20,177,348","$3,537,000",,"$63,908,549",2016,mlb
30,Milwaukee Brewers,35.0,"$49,464,613","$2,517,700","$8,299,097","$4,262,100",,"$62,161,191",2016,mlb
1,Los Angeles Dodgers,39.0,"$184,284,091","$22,654,516","$41,492,656","$11,675,000",,"$259,119,625",2017,mlb
2,Boston Red Sox,38.0,"$172,158,546","$5,941,108","$30,597,474","$2,605,000",,"$209,872,508",2017,mlb
3,New York Yankees,37.0,"$164,826,896","$7,867,680","$36,170,687","$2,305,000",,"$209,690,952",2017,mlb
4,San Francisco Giants,35.0,"$171,792,784","$7,219,058","$6,354,972","$6,605,000",,"$189,806,809",2017,mlb
5,Detroit Tigers,35.0,"$90,755,330","$18,000,000","$77,874,916","$4,226,400",,"$188,498,884",2017,mlb
6,Washington Nationals,36.0,"$164,539,852","$11,351,707","$5,952,690","$1,605,000",,"$182,238,854",2017,mlb
7,Toronto Blue Jays,35.0,"$125,422,069","$22,811,106","$27,414,802","$8,395,700",,"$175,617,487",2017,mlb
8,Baltimore Orioles,35.0,"$163,655,046",,"$7,267,168","$8,935,000",,"$175,349,127",2017,mlb
9,Chicago Cubs,36.0,"$161,127,834",,"$10,748,400","$1,070,000",,"$172,092,536",2017,mlb
10,Los Angeles Angels,35.0,"$109,185,825","$16,095,730","$40,248,286","$3,210,000",,"$166,161,209",2017,mlb
11,Texas Rangers,36.0,"$126,365,185","$1,074,360","$33,806,996","$5,774,990",,"$163,350,840",2017,mlb
12,Seattle Mariners,35.0,"$126,620,983","$23,249,738","$10,137,477","$7,066,500",,"$161,397,330",2017,mlb
13,Kansas City Royals,36.0,"$125,678,691","$1,046,749","$19,965,515","$3,391,100",,"$148,227,822",2017,mlb
14,St. Louis Cardinals,37.0,"$107,961,954","$6,935,000","$29,772,125","$1,747,500",,"$145,256,085",2017,mlb
15,New York Mets,34.0,"$48,736,470","$44,924,726","$50,270,502","$535,000",,"$143,990,158",2017,mlb
16,Colorado Rockies,35.0,"$105,029,084",,"$33,618,391","$2,152,000",,"$139,324,341",2017,mlb
17,Houston Astros,40.0,"$132,536,382","$835,843","$3,284,838","$2,535,000",,"$138,709,677",2017,mlb
18,Cleveland Indians,39.0,"$115,772,319","$6,129,713","$10,007,205","$1,070,000",,"$131,958,928",2017,mlb
19,Minnesota Twins,34.0,"$75,616,449","$22,830,000","$19,497,309","$5,690,000",,"$121,048,871",2017,mlb
20,Miami Marlins,31.0,"$72,360,311","$21,441,206","$13,782,819","$5,169,000",,"$110,765,599",2017,mlb
21,Atlanta Braves,35.0,"$80,713,434","$1,997,766","$21,037,983","$3,342,500",,"$105,218,575",2017,mlb
22,Philadelphia Phillies,32.0,"$23,135,934","$16,578,578","$64,189,622","$1,605,000",,"$104,020,808",2017,mlb
23,Arizona Diamondbacks,36.0,"$81,644,775","$19,379,200","$1,572,116","$1,070,000",,"$102,619,475",2017,mlb
24,Pittsburgh Pirates,35.0,"$64,196,313","$16,750,000","$14,381,028","$1,605,000",,"$98,203,030",2017,mlb
25,Cincinnati Reds,35.0,"$64,567,947","$16,021,450","$15,403,006","$1,073,000",,"$96,436,003",2017,mlb
26,Chicago White Sox,30.0,"$32,540,383","$7,571,000","$45,746,296","$2,680,000",,"$86,382,688",2017,mlb
27,San Diego Padres,32.0,"$24,930,424","$5,182,750","$42,793,983","$9,969,600",,"$77,921,678",2017,mlb
28,Tampa Bay Rays,36.0,"$63,018,694","$6,867,218","$7,998,455","$2,675,600",,"$77,811,205",2017,mlb
29,Oakland Athletics,33.0,"$31,723,817","$1,437,784","$39,189,018","$3,747,500",,"$73,477,080",2017,mlb
30,Milwaukee Brewers,34.0,"$57,578,930","$547,000","$6,033,614","$9,463,200",,"$68,945,179",2017,mlb
1,Boston Red Sox,36.0,"$167,955,780","$18,074,000","$41,755,860","$2,180,000",,"$227,398,860",2018,mlb
2,San Francisco Giants,32.0,"$119,689,218","$64,341,827","$21,136,053","$3,283,000",,"$205,665,348",2018,mlb
3,Los Angeles Dodgers,40.0,"$160,502,596","$3,908,850","$30,541,679","$5,590,000",,"$199,582,045",2018,mlb
4,Chicago Cubs,37.0,"$152,092,957","$37,451,220","$1,216,894","$2,725,000","$3,200,000","$194,259,933",2018,mlb
5,Washington Nationals,35.0,"$130,197,979","$8,999,485","$41,161,720","$4,481,000",,"$181,382,609",2018,mlb
6,New York Yankees,38.0,"$148,010,829","$22,568,376","$9,249,414","$3,130,000",,"$180,098,151",2018,mlb
7,Los Angeles Angels,37.0,"$91,914,083","$57,532,566","$24,194,770","$1,635,000",,"$173,784,989",2018,mlb
8,St. Louis Cardinals,36.0,"$113,991,329","$27,345,600","$20,907,798","$2,310,900",,"$163,784,311",2018,mlb
9,Houston Astros,36.0,"$158,520,510","$556,400","$4,027,264","$2,189,400",,"$163,524,216",2018,mlb
10,Seattle Mariners,38.0,"$136,839,663","$13,496,812","$9,361,340","$4,025,600",,"$160,993,827",2018,mlb
11,Toronto Blue Jays,37.0,"$81,293,347","$20,481,474","$48,740,616","$5,450,000",,"$150,946,147",2018,mlb
12,New York Mets,33.0,"$82,655,203","$49,831,436","$15,314,261","$5,452,000","$1,792,000","$150,187,987",2018,mlb
13,Colorado Rockies,35.0,"$131,213,168","$7,545,000","$4,442,400","$3,277,000",,"$143,968,544",2018,mlb
14,Arizona Diamondbacks,35.0,"$109,501,628","$14,124,025","$5,630,585","$15,151,500",,"$143,324,597",2018,mlb
15,Cleveland Indians,35.0,"$123,670,545","$12,836,166","$5,222,548","$3,277,000",,"$142,804,703",2018,mlb
16,Texas Rangers,35.0,"$96,239,016","$6,683,451","$36,936,251","$3,325,000",,"$140,625,018",2018,mlb
17,Detroit Tigers,33.0,"$67,047,516","$37,720,870","$24,401,899","$4,187,600",,"$130,959,889",2018,mlb
18,Atlanta Braves,37.0,"$73,567,565","$13,299,094","$42,392,955","$5,180,000",,"$130,649,395",2018,mlb
19,Baltimore Orioles,38.0,"$69,691,407","$12,650,000","$43,550,980","$3,726,500","$3,000,000","$130,467,027",2018,mlb
20,Kansas City Royals,30.0,"$83,618,228","$7,189,167","$37,811,905","$4,398,500",,"$129,944,821",2018,mlb
21,Minnesota Twins,35.0,"$56,254,373","$29,213,890","$29,264,527","$2,215,000",,"$115,509,520",2018,mlb
22,Milwaukee Brewers,36.0,"$89,888,839","$7,321,500","$11,383,150","$3,275,700",,"$108,982,016",2018,mlb
23,Philadelphia Phillies,40.0,"$97,016,347",,"$6,936,684","$2,045,000",,"$104,297,471",2018,mlb
24,San Diego Padres,33.0,"$50,169,797","$6,764,800","$44,479,430","$4,274,200","$545,000","$103,843,635",2018,mlb
25,Cincinnati Reds,30.0,"$82,511,299","$1,344,890","$15,242,487","$4,395,000",,"$100,305,768",2018,mlb
26,Miami Marlins,31.0,"$43,033,514","$15,407,490","$31,020,460","$6,200,000",,"$91,817,860",2018,mlb
27,Pittsburgh Pirates,34.0,"$67,576,415","$4,670,500","$17,492,114","$3,302,000",,"$91,025,861",2018,mlb
28,Oakland Athletics,35.0,"$61,525,657","$4,972,604","$10,118,631","$6,745,000",,"$80,315,288",2018,mlb
29,Chicago White Sox,32.0,"$57,261,542","$5,920,130","$7,681,442","$4,935,000",,"$71,839,808",2018,mlb
30,Tampa Bay Rays,35.0,"$25,668,988","$2,213,706","$35,944,023","$8,225,000",,"$68,810,167",2018,mlb
1,Sacramento Kings,13,23.9,"$36,583,409",,"$36,652,311","$33,654,689","$21,391,689","$21,391,689",2011,nba
2,Indiana Pacers,14,25.2,"$44,413,746",,"$44,413,746","$25,893,254","$13,630,254","$13,630,254",2011,nba
3,New Jersey Nets,20,25.2,"$47,830,030","$92,387","$47,922,417","$22,384,583","$10,121,583","$10,121,583",2011,nba
4,Houston Rockets,15,25.1,"$43,714,664","$5,804,040","$49,625,800","$20,681,200","$8,418,200","$8,418,200",2011,nba
5,Toronto Raptors,15,25.2,"$50,803,700","$2,083,644","$53,148,082","$17,158,918*","$4,895,918","$4,895,918",2011,nba
6,Minnesota Timberwolves,15,23.8,"$55,406,532",,"$55,406,532","$14,900,468","$2,637,468","$2,637,468",2011,nba
7,Golden State Warriors,17,24.9,"$57,198,850","$186,509","$57,385,359","$12,921,641","$658,641","$658,641",2011,nba
8,Utah Jazz,15,26.0,"$58,114,489",,"$58,183,391","$12,123,609*","$-139,391","$-139,391",2011,nba
9,New Orleans Hornets,20,24.9,"$55,116,884","$3,263,394","$58,480,742","$11,826,258","$-436,742","$-436,742",2011,nba
10,Cleveland Cavaliers,15,25.1,"$48,030,927","$2,134,028","$60,086,899","$19,843,826","$-2,042,899","$7,580,826",2011,nba
11,New York Knicks,14,26.4,"$59,695,415","$1,675,000","$61,370,415","$8,936,585","$-3,326,415","$-3,326,415",2011,nba
12,Oklahoma City Thunder,15,25.7,"$56,856,253","$4,975,000","$61,831,253","$8,475,747","$-3,787,253","$-3,787,253",2011,nba
13,Detroit Pistons,13,26.0,"$55,626,387","$8,430,293","$64,056,680","$6,250,320","$-6,012,680","$-6,012,680",2011,nba
14,Philadelphia 76ers,14,23.7,"$58,022,021","$6,745,204","$64,767,225","$5,539,775","$-6,723,225","$-6,723,225",2011,nba
15,Phoenix Suns,13,28.1,"$56,292,681","$8,617,223","$64,909,904","$5,397,096*","$-6,865,904","$-6,865,904",2011,nba
16,Charlotte Bobcats,16,25.9,"$57,917,825","$7,693,548","$65,611,373","$4,695,627","$-7,567,373","$-7,567,373",2011,nba
17,Portland Trail Blazers,15,27.1,"$64,247,715","$1,892,632","$66,140,347","$4,166,653","$-8,096,347","$-8,096,347",2011,nba
18,Milwaukee Bucks,15,26.1,"$65,940,004","$276,603","$66,354,411","$3,952,589","$-8,310,411","$-8,310,411",2011,nba
19,Memphis Grizzlies,16,25.2,"$67,634,641","$323,632","$67,958,273","$2,348,727","$-9,914,273","$-9,914,273",2011,nba
20,Washington Wizards,17,24.6,"$66,770,575","$1,169,389","$68,146,670","$2,160,330","$-10,102,670","$-10,102,670",2011,nba
21,Orlando Magic,15,25.9,"$68,849,150","$414,443","$69,263,593","$1,043,407","$-11,219,593","$-11,219,593",2011,nba
22,Los Angeles Clippers,17,26.6,"$68,433,967","$1,139,922","$69,573,889","$733,111","$-11,529,889","$-11,529,889",2011,nba
23,Chicago Bulls,17,29.2,"$68,873,614","$1,914,250","$70,787,864","$-480,864","$-12,743,864","$-12,743,864",2011,nba
24,Atlanta Hawks,17,27.6,"$70,958,314",,"$70,958,314","$-651,314","$-12,914,314","$-12,914,314",2011,nba
25,San Antonio Spurs,18,26.6,"$70,669,541","$2,975,203","$73,774,561","$-3,467,561","$-15,730,561","$-15,730,561",2011,nba
26,Dallas Mavericks,14,28.9,"$74,325,300","$885,120","$75,210,420","$-4,903,420","$-17,166,420","$-17,166,420",2011,nba
27,Boston Celtics,17,27.9,"$76,053,505","$491,109","$76,544,614","$-6,237,614","$-18,500,614","$-18,500,614",2011,nba
28,Miami Heat,18,27.7,"$73,036,309","$5,538,553","$78,613,056","$-8,306,056","$-20,569,056","$-20,569,056",2011,nba
29,Los Angeles Lakers,12,26.9,"$81,371,048","$288,710","$81,659,758","$-11,352,758","$-23,615,758","$-23,615,758",2011,nba
30,Denver Nuggets,15,25.5,"$52,473,071","$4,676,951","$89,634,590","$13,156,978","$-31,590,590","$893,978",2011,nba
1,Phoenix Suns,15,26.2,"$51,913,298","$1,321,604","$53,234,902","$17,072,098","$4,809,098","$4,809,098",2012,nba
2,Sacramento Kings,13,25.2,"$51,000,236","$2,575,106","$53,575,342","$16,731,658","$4,468,658","$4,468,658",2012,nba
3,Houston Rockets,15,23.9,"$44,545,613","$10,889,825","$55,435,438","$14,871,562","$2,608,562","$2,608,562",2012,nba
4,Charlotte Bobcats,16,25.4,"$57,257,078","$192,791","$57,500,127","$12,806,873","$543,873","$543,873",2012,nba
5,Portland Trail Blazers,15,24.3,"$54,632,812","$3,746,337","$58,379,149","$11,927,851*","$-335,149","$-335,149",2012,nba
6,Washington Wizards,15,24.9,"$57,476,259","$1,056,096","$58,601,257","$11,705,743","$-557,257","$-557,257",2012,nba
7,Milwaukee Bucks,15,26.7,"$61,658,839",,"$61,658,839","$8,648,161","$-3,614,839","$-3,614,839",2012,nba
8,Dallas Mavericks,15,28.2,"$58,996,275","$2,716,323","$61,941,526","$8,365,474","$-3,897,526","$-3,897,526",2012,nba
9,Minnesota Timberwolves,15,25.8,"$60,238,958","$1,869,887","$62,360,135","$7,946,865","$-4,316,135","$-4,316,135",2012,nba
10,Memphis Grizzlies,15,25.5,"$62,366,281","$854,389","$63,276,388","$7,030,612","$-5,232,388","$-5,232,388",2012,nba
11,Cleveland Cavaliers,15,24.6,"$49,406,697","$4,557,453","$63,587,875","$16,342,850","$-5,543,875","$4,079,850",2012,nba
12,New Orleans Hornets,15,24.0,"$46,311,220","$17,193,464","$63,685,125","$6,621,875","$-5,641,125","$-5,641,125",2012,nba
13,Denver Nuggets,15,24.2,"$63,970,222",,"$63,970,222","$6,336,778","$-5,926,222","$-5,926,222",2012,nba
14,Philadelphia 76ers,15,25.5,"$63,742,383","$462,326","$64,367,073","$5,939,927","$-6,323,073","$-6,323,073",2012,nba
15,Orlando Magic,14,24.7,"$57,651,721","$8,563,675","$66,215,396","$4,091,604*","$-8,171,396","$-8,171,396",2012,nba
16,Atlanta Hawks,15,26.6,"$63,620,146","$2,682,195","$66,492,527","$3,814,473*","$-8,448,527","$-8,448,527",2012,nba
17,Indiana Pacers,15,25.3,"$66,225,684","$419,668","$66,745,868","$3,561,132","$-8,701,868","$-8,701,868",2012,nba
18,Utah Jazz,15,25.7,"$63,344,192","$3,480,000","$66,913,862","$3,393,138*","$-8,869,862","$-8,869,862",2012,nba
19,Toronto Raptors,16,25.4,"$67,088,346","$992,680","$68,081,026","$2,225,974","$-10,037,026","$-10,037,026",2012,nba
20,Oklahoma City Thunder,15,25.6,"$68,057,854","$200,000","$68,257,854","$2,049,146","$-10,213,854","$-10,213,854",2012,nba
21,Detroit Pistons,14,25.4,"$62,495,969","$6,069,767","$68,565,736","$1,741,264","$-10,521,736","$-10,521,736",2012,nba
22,Los Angeles Clippers,14,29.1,"$68,400,718","$1,012,195","$69,518,889","$788,111*","$-11,474,889","$-11,474,889",2012,nba
23,San Antonio Spurs,16,28.0,"$69,407,505","$160,826","$69,568,331","$738,669*","$-11,524,331","$-11,524,331",2012,nba
24,Golden State Warriors,16,25.3,"$69,667,990",,"$69,712,825","$594,175","$-11,668,825","$-11,668,825",2012,nba
25,Boston Celtics,15,27.0,"$70,261,284","$1,048,146","$71,576,087","$-1,269,087*","$-13,532,087","$-13,532,087",2012,nba
26,Chicago Bulls,15,27.2,"$74,105,866",,"$74,258,448","$-3,951,448*","$-16,214,448","$-16,214,448",2012,nba
27,New York Knicks,15,30.5,"$74,741,057","$4,013,026","$78,854,599","$-8,547,599","$-20,810,599","$-20,810,599",2012,nba
28,Miami Heat,15,30.7,"$80,736,455","$2,393,818","$83,431,885","$-13,124,885","$-25,387,885","$-25,387,885",2012,nba
29,Brooklyn Nets,15,27.3,"$83,048,918","$402,639","$83,529,674","$-13,222,674","$-25,485,674","$-25,485,674",2012,nba
30,Los Angeles Lakers,15,28.2,"$99,646,980","$200,585","$99,847,565","$-29,540,565*","$-41,803,565","$-41,803,565",2012,nba
1,Orlando Magic,13,24.4,"$34,022,974","$19,378,421","$53,516,731","$18,231,269*","$5,162,269","$5,162,269",2013,nba
2,Phoenix Suns,15,25.9,"$47,314,683","$6,366,667","$53,785,384","$17,962,616","$4,893,616","$4,893,616",2013,nba
3,Milwaukee Bucks,15,24.6,"$47,079,048","$7,000,000","$54,229,524","$17,518,476","$4,449,476","$4,449,476",2013,nba
4,Philadelphia 76ers,14,23.3,"$27,287,899","$26,198,298","$57,078,203","$17,967,157","$1,600,797","$4,898,157",2013,nba
5,Utah Jazz,15,24.3,"$47,893,335","$9,533,335","$57,426,670","$14,321,330","$1,252,330","$1,252,330",2013,nba
6,Atlanta Hawks,15,26.5,"$55,517,146","$2,677,837","$58,477,559","$13,270,441","$201,441","$201,441",2013,nba
7,Detroit Pistons,15,25.3,"$61,897,253",,"$61,897,253","$9,850,747*","$-3,218,253","$-3,218,253",2013,nba
8,Portland Trail Blazers,15,25.1,"$62,599,372","$100,000","$62,699,372","$9,048,628","$-4,020,372","$-4,020,372",2013,nba
9,Charlotte Bobcats,15,26.3,"$49,359,172","$13,332,637","$62,824,677","$8,923,323","$-4,145,677","$-4,145,677",2013,nba
10,Sacramento Kings,15,25.9,"$58,206,752","$4,442,851","$62,881,623","$8,866,377","$-4,202,623","$-4,202,623",2013,nba
11,San Antonio Spurs,15,28.0,"$63,171,742",,"$63,379,810","$8,368,190*","$-4,700,810","$-4,700,810",2013,nba
12,Houston Rockets,16,24.7,"$60,308,379","$3,568,999","$63,877,378","$7,870,622","$-5,198,378","$-5,198,378",2013,nba
13,Denver Nuggets,15,25.0,"$65,379,734",,"$65,379,734","$6,368,266*","$-6,700,734","$-6,700,734",2013,nba
14,Cleveland Cavaliers,15,24.1,"$66,063,984",,"$66,179,320","$5,568,680","$-7,500,320","$-7,500,320",2013,nba
15,New Orleans Pelicans,16,24.7,"$62,235,672","$4,202,528","$66,438,200","$5,309,800","$-7,759,200","$-7,759,200",2013,nba
16,Indiana Pacers,15,26.8,"$65,850,484","$788,872","$66,639,356","$5,108,644*","$-7,960,356","$-7,960,356",2013,nba
17,Dallas Mavericks,15,27.5,"$68,057,497",,"$68,057,497","$3,690,503","$-9,378,497","$-9,378,497",2013,nba
18,Minnesota Timberwolves,15,25.8,"$66,354,404","$1,800,392","$68,154,796","$3,593,204*","$-9,475,796","$-9,475,796",2013,nba
19,Toronto Raptors,15,25.9,"$63,206,362","$5,429,561","$68,635,923","$3,112,077","$-9,956,923","$-9,956,923",2013,nba
20,Washington Wizards,15,26.6,"$63,807,197","$6,389,853","$70,301,084","$1,446,916*","$-11,622,084","$-11,622,084",2013,nba
21,Boston Celtics,15,25.9,"$69,955,361","$509,479","$70,644,150","$1,103,850*","$-11,965,150","$-11,965,150",2013,nba
22,Oklahoma City Thunder,15,25.8,"$70,488,245",,"$70,696,313","$1,051,687","$-12,017,313","$-12,017,313",2013,nba
23,Chicago Bulls,15,28.2,"$63,312,273","$7,542,058","$71,073,626","$674,374","$-12,394,626","$-12,394,626",2013,nba
24,Golden State Warriors,15,26.1,"$71,069,466","$284,585","$71,406,068","$341,932*","$-12,727,068","$-12,727,068",2013,nba
25,Memphis Grizzlies,15,27.3,"$71,361,909","$480,331","$71,894,257","$-146,257","$-13,215,257","$-13,215,257",2013,nba
26,Los Angeles Clippers,14,28.5,"$72,099,475","$2,679,739","$74,981,669","$-3,233,669*","$-16,302,669","$-16,302,669",2013,nba
27,Los Angeles Lakers,15,27.2,"$74,858,550","$2,075,334","$77,089,935","$-5,341,935","$-18,410,935","$-18,410,935",2013,nba
28,Miami Heat,15,29.7,"$80,541,886",,"$80,645,920","$-8,897,920","$-21,966,920","$-21,966,920",2013,nba
29,New York Knicks,15,27.8,"$85,994,825","$2,075,014","$88,277,907","$-16,529,907","$-29,598,907","$-29,598,907",2013,nba
30,Brooklyn Nets,15,28.1,"$102,766,374",,"$102,928,076","$-31,180,076","$-44,249,076","$-44,249,076",2013,nba
1,Milwaukee Bucks,15,23.7,"$44,560,189","$10,242,884","$55,114,481","$21,714,519","$7,950,519","$7,950,519",2014,nba
2,Denver Nuggets,15,24.9,"$53,359,369","$2,782,985","$56,142,354","$20,686,646*","$6,922,646","$6,922,646",2014,nba
3,Atlanta Hawks,15,27.3,"$57,245,276","$1,000,000","$58,328,957","$18,500,043*","$4,736,043","$4,736,043",2014,nba
4,Orlando Magic,15,24.7,"$41,311,716","$14,705,259","$58,830,518","$20,812,025","$4,234,482","$7,048,025",2014,nba
5,Utah Jazz,15,23.2,"$47,940,340","$10,594,863","$58,905,618","$17,923,382","$4,159,382","$4,159,382",2014,nba
6,Phoenix Suns,15,25.5,"$55,464,385","$4,509,503","$60,237,268","$16,591,732","$2,827,732","$2,827,732",2014,nba
7,Boston Celtics,15,24.4,"$52,905,065","$7,438,483","$60,403,234","$16,425,766*","$2,661,766","$2,661,766",2014,nba
8,Philadelphia 76ers,16,23.7,"$34,387,296","$22,416,388","$63,854,302","$19,905,944","$-789,302","$6,141,944",2014,nba
9,Detroit Pistons,15,26.7,"$49,558,917","$14,097,726","$63,871,995","$12,957,005","$-806,995","$-806,995",2014,nba
10,Charlotte Hornets,15,24.8,"$64,710,971","$915,243","$65,680,052","$11,148,948*","$-2,615,052","$-2,615,052",2014,nba
11,Chicago Bulls,14,27.8,"$67,099,204","$333,333","$67,432,537","$9,396,463","$-4,367,537","$-4,367,537",2014,nba
12,Minnesota Timberwolves,16,25.1,"$64,182,806","$3,459,307","$67,919,790","$8,909,210","$-4,854,790","$-4,854,790",2014,nba
13,Los Angeles Lakers,16,25.8,"$59,483,328","$10,783,000","$70,374,042","$6,454,958","$-7,309,042","$-7,309,042",2014,nba
14,San Antonio Spurs,15,28.7,"$69,028,330","$1,213,384","$70,379,233","$6,449,767*","$-7,314,233","$-7,314,233",2014,nba
15,New Orleans Pelicans,14,25.4,"$68,280,315","$1,821,872","$70,413,595","$6,415,405","$-7,348,595","$-7,348,595",2014,nba
16,Golden State Warriors,15,26.4,"$71,881,167","$644,240","$72,585,093","$4,243,907*","$-9,520,093","$-9,520,093",2014,nba
17,Portland Trail Blazers,15,26.5,"$72,964,755","$30,000","$72,994,755","$3,834,245*","$-9,929,755","$-9,929,755",2014,nba
18,Washington Wizards,15,28.3,"$72,952,787","$400,000","$73,502,681","$3,326,319*","$-10,437,681","$-10,437,681",2014,nba
19,Houston Rockets,15,26.7,"$71,004,520","$3,045,729","$74,050,249","$2,778,751*","$-10,985,249","$-10,985,249",2014,nba
20,Sacramento Kings,15,26.5,"$73,061,908","$917,630","$74,176,743","$2,652,257*","$-11,111,743","$-11,111,743",2014,nba
21,Memphis Grizzlies,15,27.1,"$73,989,079","$657,723","$74,760,326","$2,068,674*","$-11,695,326","$-11,695,326",2014,nba
22,Indiana Pacers,15,27.6,"$74,798,942",,"$74,798,942","$2,030,058*","$-11,733,942","$-11,733,942",2014,nba
23,Dallas Mavericks,15,28.9,"$72,183,738","$2,723,207","$75,014,621","$1,814,379","$-11,949,621","$-11,949,621",2014,nba
24,Miami Heat,15,27.5,"$75,084,575","$606,791","$75,966,404","$862,596","$-12,901,404","$-12,901,404",2014,nba
25,Toronto Raptors,15,25.7,"$75,424,914","$671,609","$76,096,523","$732,477","$-13,031,523","$-13,031,523",2014,nba
26,Oklahoma City Thunder,15,25.0,"$77,876,390","$915,243","$78,791,633","$-1,962,633","$-15,726,633","$-15,726,633",2014,nba
27,New York Knicks,15,25.5,"$54,410,045","$25,848,489","$80,629,628","$-3,800,628","$-17,564,628","$-17,564,628",2014,nba
28,Los Angeles Clippers,15,28.3,"$77,554,797","$2,666,743","$80,629,773","$-3,800,773*","$-17,564,773","$-17,564,773",2014,nba
29,Cleveland Cavaliers,15,28.4,"$80,811,761","$565,873","$81,377,634","$-4,548,634","$-18,312,634","$-18,312,634",2014,nba
30,Brooklyn Nets,15,26.4,"$88,024,730","$350,607","$88,429,175","$-11,600,175","$-25,364,175","$-25,364,175",2014,nba
1,Orlando Magic,15,24.4,"$61,108,745","$3,292,335","$64,462,856","$20,277,144","$5,537,144","$5,537,144",2015,nba
2,Utah Jazz,15,23.7,"$63,160,091","$1,527,476","$64,817,873","$19,922,127","$5,182,127","$5,182,127",2015,nba
3,Portland Trail Blazers,15,24.3,"$48,301,816","$14,185,050","$66,562,366","$22,253,134","$3,437,634","$7,513,134",2015,nba
4,Philadelphia 76ers,15,23.9,"$31,052,215","$31,310,786","$68,798,037","$22,315,223","$1,201,963","$7,575,223",2015,nba
5,Milwaukee Bucks,15,23.9,"$68,656,240","$1,865,546","$70,579,512","$14,160,488","$-579,512","$-579,512",2015,nba
6,Minnesota Timberwolves,14,25.4,"$59,841,104","$10,756,029","$70,652,855","$14,087,145*","$-652,855","$-652,855",2015,nba
7,Atlanta Hawks,15,27.6,"$71,332,945","$75,000","$71,407,945","$13,332,055","$-1,407,945","$-1,407,945",2015,nba
8,Denver Nuggets,15,25.1,"$60,186,706","$11,100,853","$71,448,753","$13,291,247","$-1,448,753","$-1,448,753",2015,nba
9,Los Angeles Lakers,15,26.6,"$71,770,430","$194,942","$71,965,372","$12,774,628","$-1,965,372","$-1,965,372",2015,nba
10,Toronto Raptors,15,25.6,"$71,217,611","$1,097,276","$72,314,887","$12,425,113","$-2,314,887","$-2,314,887",2015,nba
11,Indiana Pacers,15,25.5,"$66,751,826","$5,606,178","$72,413,726","$12,326,274","$-2,413,726","$-2,413,726",2015,nba
12,Sacramento Kings,15,26.2,"$71,733,666","$937,630","$72,671,296","$12,068,704","$-2,671,296","$-2,671,296",2015,nba
13,Dallas Mavericks,15,29.2,"$71,198,732","$1,898,129","$73,096,861","$11,643,139","$-3,096,861","$-3,096,861",2015,nba
14,Phoenix Suns,14,25.3,"$63,389,393","$9,633,261","$73,443,637","$11,296,363","$-3,443,637","$-3,443,637",2015,nba
15,New York Knicks,13,26.4,"$72,920,772","$442,406","$73,449,788","$11,290,212*","$-3,449,788","$-3,449,788",2015,nba
16,Detroit Pistons,14,25.9,"$66,217,330","$9,225,207","$75,603,690","$9,136,310","$-5,603,690","$-5,603,690",2015,nba
17,Boston Celtics,15,23.9,"$58,250,334","$18,854,561","$77,166,671","$7,573,329","$-7,166,671","$-7,166,671",2015,nba
18,Charlotte Hornets,15,25.4,"$78,340,920","$80,000","$78,532,364","$6,207,636*","$-8,532,364","$-8,532,364",2015,nba
19,Brooklyn Nets,15,24.7,"$51,712,738","$28,580,247","$80,503,847","$4,236,153","$-10,503,847","$-10,503,847",2015,nba
20,New Orleans Pelicans,18,26.2,"$80,164,538","$994,597","$81,425,760","$3,314,240*","$-11,425,760","$-11,425,760",2015,nba
21,Memphis Grizzlies,16,28.0,"$76,017,172","$6,913,000","$83,382,043","$1,357,957*","$-13,382,043","$-13,382,043",2015,nba
22,Miami Heat,15,28.1,"$82,539,172","$2,080,465","$84,619,637","$110,429","$-14,619,637","$-14,619,637",2015,nba
23,Washington Wizards,15,27.3,"$76,328,636","$8,910,202","$86,186,114","$-1,446,114*","$-16,186,114","$-16,186,114",2015,nba
24,San Antonio Spurs,15,31.2,"$85,192,733","$2,402,263","$87,594,996","$-2,854,996","$-17,594,996","$-17,594,996",2015,nba
25,Houston Rockets,15,26.2,"$75,204,953","$13,182,493","$88,387,446","$-3,647,446*","$-18,387,446","$-18,387,446",2015,nba
26,Chicago Bulls,17,26.7,"$88,213,269","$333,333","$88,546,602","$-3,806,602","$-18,546,602","$-18,546,602",2015,nba
27,Oklahoma City Thunder,15,26.5,"$93,765,298",,"$93,765,298","$-9,025,298","$-23,765,298","$-23,765,298",2015,nba
28,Golden State Warriors,15,26.9,"$88,868,997","$6,908,685","$95,777,682","$-11,139,899","$-25,777,682","$-25,777,682",2015,nba
29,Los Angeles Clippers,15,28.9,"$94,554,340","$1,412,964","$96,140,524","$-11,400,524","$-26,140,524","$-26,140,524",2015,nba
30,Cleveland Cavaliers,15,28.9,"$106,997,506",,"$107,028,394","$-22,288,354","$-37,028,394","$-37,028,394",2015,nba
1,Minnesota Timberwolves,14,24.7,"$59,494,555","$9,996,058","$74,234,419","$43,681,043","$19,908,581","$24,537,043",2016,nba
2,Utah Jazz,15,25.9,"$80,223,192","$275,000","$80,498,192","$32,788,808","$13,644,808","$13,644,808",2016,nba
3,Brooklyn Nets,15,25.1,"$65,405,906","$18,093,411","$83,730,005","$29,533,862","$10,412,995","$10,412,995",2016,nba
4,Phoenix Suns,15,24.9,"$72,521,524","$12,303,041","$85,055,253","$28,231,747","$9,087,747","$9,087,747",2016,nba
5,Philadelphia 76ers,16,23.9,"$61,656,754","$23,974,947","$92,300,991","$27,341,235","$1,842,009","$8,325,751",2016,nba
6,Milwaukee Bucks,15,25.2,"$89,531,619","$3,093,262","$92,676,330","$20,576,173*","$1,466,670","$1,466,670",2016,nba
7,Indiana Pacers,15,26.3,"$85,614,337","$8,387,667","$94,002,004","$19,284,996","$140,996","$140,996",2016,nba
8,Los Angeles Lakers,15,25.2,"$85,639,596","$8,500,586","$94,204,120","$19,082,880","$-61,120","$-61,120",2016,nba
9,Boston Celtics,15,25.0,"$91,484,921","$1,550,240","$94,834,544","$20,251,839","$-691,544","$1,107,839",2016,nba
10,Atlanta Hawks,15,27.9,"$92,928,845","$2,474,384","$95,563,799","$17,710,755","$-1,420,799","$-1,420,799",2016,nba
11,Sacramento Kings,15,25.5,"$87,859,206","$7,807,826","$95,667,032","$17,810,130","$-1,524,032","$-1,524,032",2016,nba
12,Chicago Bulls,15,25.5,"$92,681,038","$494,500","$96,998,425","$20,005,667","$-2,855,425","$967,462",2016,nba
13,Golden State Warriors,15,27.5,"$97,520,106","$2,608,548","$100,241,842","$13,031,467","$-6,098,842","$-6,098,842",2016,nba
14,New Orleans Pelicans,15,25.8,"$94,322,677","$6,708,797","$101,417,816","$11,801,815","$-7,274,816","$-7,274,816",2016,nba
15,Miami Heat,15,26.9,"$96,523,509","$5,200,989","$101,820,405","$11,440,892","$-7,677,405","$-7,677,405",2016,nba
16,Charlotte Hornets,15,25.5,"$100,201,483","$1,431,010","$102,036,240","$11,218,834","$-7,893,240","$-7,893,240",2016,nba
17,Washington Wizards,15,25.1,"$100,785,911","$1,551,805","$102,337,716","$10,075,364","$-8,194,716","$-8,194,716",2016,nba
18,New York Knicks,14,26.1,"$79,595,502","$6,017,931","$102,613,433","$9,799,647","$-8,470,433","$-8,470,433",2016,nba
19,Dallas Mavericks,15,26.9,"$92,128,049","$11,616,535","$104,083,711","$7,613,388","$-9,940,711","$-9,940,711",2016,nba
20,Orlando Magic,15,25.0,"$102,595,191","$1,647,910","$104,294,550","$9,078,555","$-10,151,550","$-10,151,550",2016,nba
21,Oklahoma City Thunder,15,25.3,"$86,981,364","$4,358,585","$104,748,520","$21,510,091","$-10,605,520","$2,803,051",2016,nba
22,Detroit Pistons,15,25.3,"$102,503,259","$5,398,678","$107,901,937","$5,385,063","$-13,758,937","$-13,758,937",2016,nba
23,San Antonio Spurs,15,28.8,"$104,866,760","$3,390,037","$108,372,141","$4,477,899","$-14,229,141","$-14,229,141",2016,nba
24,Toronto Raptors,15,25.1,"$108,443,469","$206,500","$108,649,969","$4,637,031","$-14,506,969","$-14,506,969",2016,nba
25,Houston Rockets,15,25.8,"$87,526,799","$3,409,725","$109,070,494","$21,794,155","$-14,927,494","$3,174,507",2016,nba
26,Memphis Grizzlies,15,26.9,"$108,352,164","$2,402,355","$110,869,863","$2,417,137*","$-16,726,863","$-16,726,863",2016,nba
27,Portland Trail Blazers,15,24.1,"$110,932,233","$1,913,345","$112,845,578","$4,462","$-18,702,578","$-18,702,578",2016,nba
28,Denver Nuggets,15,25.5,"$78,416,141","$3,992,779","$115,066,504","$30,705,064","$-20,923,504","$11,561,064",2016,nba
29,Los Angeles Clippers,15,29.4,"$113,657,568","$1,412,964","$115,070,532","$-2,220,492*","$-20,927,532","$-20,927,532",2016,nba
30,Cleveland Cavaliers,15,29.4,"$125,131,982","$1,342,837","$126,590,163","$-13,303,785","$-32,447,163","$-32,447,163",2016,nba
1,Chicago Bulls,15,24.4,"$63,826,969","$26,149,447","$90,105,625","$29,160,375*","$8,987,375","$8,987,375",2017,nba
2,Phoenix Suns,15,23.8,"$73,955,365","$18,369,733","$92,518,634","$26,588,595","$6,574,366","$6,574,366",2017,nba
3,Indiana Pacers,15,25.1,"$90,081,320","$3,534,569","$93,661,969","$25,604,031","$5,431,031","$5,431,031",2017,nba
4,Orlando Magic,15,25.3,"$94,946,559","$333,334","$95,538,311","$23,727,689","$3,554,689","$3,554,689",2017,nba
5,Brooklyn Nets,15,24.9,"$88,965,468","$6,999,092","$95,964,560","$23,142,669","$3,128,440","$3,128,440",2017,nba
6,Sacramento Kings,15,25.5,"$77,725,702","$17,957,122","$97,154,206","$23,583,176","$1,938,794","$3,410,176",2017,nba
7,Philadelphia 76ers,15,25.2,"$89,638,648","$10,225,000","$100,020,936","$19,245,064","$-927,936","$-927,936",2017,nba
8,Atlanta Hawks,15,24.3,"$67,426,026","$32,322,822","$100,108,457","$19,157,543","$-1,015,457","$-1,015,457",2017,nba
9,Los Angeles Lakers,15,24.9,"$93,848,506","$8,134,489","$102,177,393","$17,088,607","$-3,084,393","$-3,084,393",2017,nba
10,New York Knicks,15,25.7,"$98,086,116","$6,170,722","$104,405,156","$14,860,844","$-5,312,156","$-5,312,156",2017,nba
11,Miami Heat,15,27.1,"$103,753,306","$1,312,611","$105,065,917","$14,200,083","$-5,972,917","$-5,972,917",2017,nba
12,Minnesota Timberwolves,15,26.7,"$102,581,006","$2,598,921","$105,179,927","$13,927,302","$-6,086,927","$-6,086,927",2017,nba
13,Denver Nuggets,15,26.1,"$101,779,153","$4,736,050","$106,515,203","$12,750,797","$-7,422,203","$-7,422,203",2017,nba
14,Utah Jazz,15,25.9,"$103,837,783","$2,783,993","$106,862,254","$12,403,746","$-7,769,254","$-7,769,254",2017,nba
15,Memphis Grizzlies,15,25.5,"$100,033,826","$9,573,432","$109,902,725","$9,363,275*","$-10,809,725","$-10,809,725",2017,nba
16,Boston Celtics,16,24.9,"$114,825,547","$92,858","$115,075,693","$3,534,540","$-15,982,693","$-15,982,693",2017,nba
17,San Antonio Spurs,15,28.5,"$113,237,104","$2,916,450","$116,153,554","$2,297,908*","$-17,060,554","$-17,060,554",2017,nba
18,Milwaukee Bucks,15,25.4,"$100,039,227","$16,092,004","$116,214,360","$3,051,640","$-17,121,360","$-17,121,360",2017,nba
19,Toronto Raptors,15,25.1,"$115,391,026","$1,100,000","$116,583,186","$2,682,814*","$-17,490,186","$-17,490,186",2017,nba
20,Charlotte Hornets,14,25.3,"$117,228,164",,"$117,228,164","$2,037,836","$-18,135,164","$-18,135,164",2017,nba
21,Houston Rockets,15,28.9,"$114,484,312","$3,666,900","$118,271,451","$994,549*","$-19,178,451","$-19,178,451",2017,nba
22,New Orleans Pelicans,15,26.9,"$115,907,328","$2,399,540","$118,813,359","$452,641*","$-19,720,359","$-19,720,359",2017,nba
23,Los Angeles Clippers,15,26.5,"$116,141,747","$2,509,044","$118,817,049","$448,951*","$-19,724,049","$-19,724,049",2017,nba
24,Detroit Pistons,15,26.4,"$113,040,993","$5,856,729","$118,897,722","$368,278*","$-19,804,722","$-19,804,722",2017,nba
25,Portland Trail Blazers,15,24.1,"$114,016,865","$5,091,108","$119,265,261",$739,"$-20,172,261","$-20,172,261",2017,nba
26,Dallas Mavericks,15,26.5,"$77,926,451","$6,925,054","$119,375,563","$33,801,425","$-20,282,563","$13,945,967",2017,nba
27,Washington Wizards,15,27.3,"$122,840,421","$1,024,235","$124,114,043","$-4,848,043","$-25,021,043","$-25,021,043",2017,nba
28,Oklahoma City Thunder,15,27.1,"$130,477,891","$2,442,455","$132,920,346","$-13,654,346","$-33,827,346","$-33,827,346",2017,nba
29,Golden State Warriors,15,27.9,"$132,955,238","$2,416,508","$135,371,746","$-16,761,513","$-36,278,746","$-36,278,746",2017,nba
30,Cleveland Cavaliers,15,28.3,"$135,777,082",,"$135,980,450","$-16,714,450","$-36,887,450","$-36,887,450",2017,nba
1,Atlanta Hawks,15,24.7,"$62,166,838","$41,007,250","$103,572,575","$20,046,164","$-1,703,575","$-1,703,575",2018,nba
2,Sacramento Kings,15,24.7,"$92,249,525","$11,656,113","$104,038,467","$19,618,359","$-2,169,467","$-2,169,467",2018,nba
3,Los Angeles Lakers,15,25.7,"$90,827,159","$14,354,067","$105,333,698","$18,553,371","$-3,464,698","$-3,464,698",2018,nba
4,Phoenix Suns,15,23.7,"$68,854,080","$39,334,055","$108,453,793","$15,241,120","$-6,584,793","$-6,584,793",2018,nba
5,Dallas Mavericks,15,27.8,"$73,673,600","$14,086,460","$110,292,590","$35,972,940","$-8,423,590","$14,108,940",2018,nba
6,Indiana Pacers,15,25.9,"$99,581,987","$10,950,104","$110,579,462","$13,153,538","$-8,710,462","$-8,710,462",2018,nba
7,Philadelphia 76ers,15,26.6,"$107,554,205","$4,236,960","$111,962,081","$11,770,919","$-10,093,081","$-10,093,081",2018,nba
8,Chicago Bulls,15,23.7,"$93,010,122","$18,918,504","$112,014,084","$11,706,928","$-10,145,084","$-10,145,084",2018,nba
9,Utah Jazz,15,26.8,"$113,394,016",,"$113,394,016","$10,295,142","$-11,525,016","$-11,525,016",2018,nba
10,Orlando Magic,15,24.7,"$112,686,749","$1,813,371","$114,671,036","$9,061,964","$-12,802,036","$-12,802,036",2018,nba
11,New Orleans Pelicans,15,24.8,"$99,091,475","$15,721,784","$114,813,259","$8,089,447*","$-12,944,259","$-12,944,259",2018,nba
12,Brooklyn Nets,15,24.9,"$77,805,720","$39,671,158","$117,571,620","$6,085,206","$-15,702,620","$-15,702,620",2018,nba
13,Denver Nuggets,15,24.1,"$117,387,540","$346,070","$117,733,610","$6,783,088","$-15,864,610","$-15,864,610",2018,nba
14,Los Angeles Clippers,14,25.9,"$83,224,562","$35,251,396","$118,570,700","$5,086,126","$-16,701,700","$-16,701,700",2018,nba
15,Minnesota Timberwolves,16,26.6,"$117,381,186","$2,701,278","$120,348,122","$3,301,086*","$-18,479,122","$-18,479,122",2018,nba
16,San Antonio Spurs,15,26.9,"$101,438,941","$20,306,394","$121,745,335","$1,987,665*","$-19,876,335","$-19,876,335",2018,nba
17,Charlotte Hornets,15,26.0,"$121,810,182",,"$121,810,182","$1,922,818*","$-19,941,182","$-19,941,182",2018,nba
18,Houston Rockets,15,27.5,"$120,917,793","$722,878","$121,935,194","$1,914,201","$-20,066,194","$-20,066,194",2018,nba
19,Milwaukee Bucks,15,27.0,"$114,955,757","$7,327,105","$122,368,320","$1,364,680*","$-20,499,320","$-20,499,320",2018,nba
20,Miami Heat,16,27.1,"$122,689,773","$350,088","$123,116,097","$554,359","$-21,247,097","$-21,247,097",2018,nba
21,New York Knicks,15,23.1,"$62,775,458","$60,319,426","$123,265,800","$467,200*","$-21,396,800","$-21,396,800",2018,nba
22,Detroit Pistons,15,26.7,"$116,292,254","$7,189,209","$123,481,463","$251,537*","$-21,612,463","$-21,612,463",2018,nba
23,Washington Wizards,15,26.3,"$115,804,428","$7,525,665","$123,501,009","$119,249","$-21,632,009","$-21,632,009",2018,nba
24,Cleveland Cavaliers,15,26.0,"$122,179,119","$1,273,529","$123,699,800","$35,033","$-21,830,800","$-21,830,800",2018,nba
25,Memphis Grizzlies,16,25.9,"$119,619,058","$2,200,952","$124,214,557","$-519,644*","$-22,345,557","$-22,345,557",2018,nba
26,Boston Celtics,15,25.7,"$125,326,738","$92,857","$125,505,053","$-2,580,549","$-23,636,053","$-23,636,053",2018,nba
27,Portland Trail Blazers,15,24.7,"$128,004,910","$5,091,108","$133,096,018","$-9,363,018","$-31,227,018","$-31,227,018",2018,nba
28,Toronto Raptors,15,27.0,"$135,460,496","$1,800,000","$137,431,412","$-13,593,477","$-35,562,412","$-35,562,412",2018,nba
29,Oklahoma City Thunder,14,25.9,"$138,162,052","$4,574,383","$142,869,264","$-19,124,060","$-41,000,264","$-41,000,264",2018,nba
30,Golden State Warriors,15,27.7,"$144,354,753","$945,126","$145,299,879","$-21,730,097","$-43,430,879","$-43,430,879",2018,nba
1,Houston OilersHST,0.0,0.0,$0,"$3,166","$3,166",,,2011,nfl
2,Tampa Bay BuccaneersTB,54.0,24.09,"$80,385,451","$5,593,548","$85,978,999",,,2011,nfl
3,Jacksonville JaguarsJAC,68.0,25.24,"$89,528,243","$3,388,199","$93,715,109",,,2011,nfl
4,Kansas City ChiefsKC,52.0,25.1,"$102,904,859","$65,364","$103,720,223",,,2011,nfl
5,Seattle SeahawksSEA,61.0,25.02,"$79,462,947","$20,569,362","$106,215,642",,,2011,nfl
6,Denver BroncosDEN,60.0,25.25,"$99,422,410","$11,964,594","$111,387,004",,,2011,nfl
7,Buffalo BillsBUF,62.0,25.4,"$93,536,799","$10,454,000","$105,240,799",,,2011,nfl
8,Cleveland BrownsCLE,45.0,25.49,"$93,500,474","$4,678,913","$98,179,387",,,2011,nfl
9,Dallas CowboysDAL,55.0,25.49,"$92,617,366","$14,110,774","$106,728,140",,,2011,nfl
10,Cincinnati BengalsCIN,57.0,25.25,"$100,157,460","$4,637,133","$107,182,829",,,2011,nfl
11,San Francisco 49ersSF,66.0,25.32,"$108,629,039","$6,050,428","$114,679,467",,,2011,nfl
12,New Orleans SaintsNO,45.0,24.91,"$96,237,948","$7,511,568","$103,977,516",,,2011,nfl
13,New England PatriotsNE,66.0,25.53,"$100,947,539","$5,195,421","$107,017,960",,,2011,nfl
14,St. Louis RamsSTL,56.0,25.21,"$106,072,816","$656,291","$107,541,485",,,2011,nfl
15,Tennessee TitansTEN,61.0,25.07,"$111,449,324","$3,526,209","$114,975,533",,,2011,nfl
16,Chicago BearsCHI,61.0,25.15,"$109,794,120","$6,636,379","$116,430,499",,,2011,nfl
17,Green Bay PackersGB,59.0,24.8,"$112,459,454","$3,079,310","$115,538,764",,,2011,nfl
18,Baltimore RavensBAL,55.0,25.85,"$107,224,175","$3,074,349","$118,969,024",,,2011,nfl
19,New York JetsNYJ,64.0,25.13,"$111,547,719","$9,890,165","$121,437,884",,,2011,nfl
20,Indianapolis ColtsIND,58.0,25.36,"$111,842,068","$694,341","$116,111,409",,,2011,nfl
21,Washington RedskinsWAS,69.0,25.84,"$109,819,443","$16,229,148","$127,938,296",,,2011,nfl
22,Miami DolphinsMIA,61.0,25.46,"$113,831,730","$9,754,712","$123,861,108",,,2011,nfl
23,Arizona CardinalsARI,63.0,26.14,"$112,570,561","$5,226,999","$117,797,560",,,2011,nfl
24,Philadelphia EaglesPHI,65.0,25.2,"$120,710,769","$6,179,232","$126,890,001",,,2011,nfl
25,Minnesota VikingsMIN,56.0,25.27,"$110,182,201","$2,871,990","$118,315,357",,,2011,nfl
26,New York GiantsNYG,64.0,25.48,"$114,374,173","$4,394,098","$118,768,271",,,2011,nfl
27,Carolina PanthersCAR,66.0,24.8,"$120,892,742","$1,264,819","$122,157,561",,,2011,nfl
28,Houston TexansHOU,58.0,25.39,"$115,235,071","$4,240,263","$122,225,334",,,2011,nfl
29,San Diego ChargersSD,61.0,25.85,"$113,649,637","$1,402,059","$123,073,362",,,2011,nfl
30,Oakland RaidersOAK,52.0,25.56,"$121,750,727","$310,711","$126,172,967",,,2011,nfl
31,Detroit LionsDET,62.0,26.11,"$123,932,700","$1,088,426","$125,596,126",,,2011,nfl
32,Atlanta FalconsATL,56.0,26.48,"$123,051,711","$3,779,956","$126,831,667",,,2011,nfl
33,Pittsburgh SteelersPIT,76.0,25.63,"$119,886,237","$3,092,861","$129,561,598",,,2011,nfl
1,Houston OilersHST,0.0,0.0,$0,"$6,334","$6,334",,,2012,nfl
2,Oakland RaidersOAK,65.0,26.09,"$83,335,547","$18,662,932","$112,876,479",,,2012,nfl
3,Washington RedskinsWAS,66.0,26.12,"$103,327,645","$6,742,361","$115,061,256",,,2012,nfl
4,Cincinnati BengalsCIN,61.0,25.48,"$95,877,016","$6,168,169","$115,376,478",,,2012,nfl
5,Minnesota VikingsMIN,58.0,25.5,"$103,750,000","$11,121,795","$115,609,941",,,2012,nfl
6,St. Louis RamsSTL,55.0,25.16,"$100,174,951","$11,153,750","$116,242,859",,,2012,nfl
7,Philadelphia EaglesPHI,66.0,25.64,"$104,182,562","$9,329,673","$117,645,569",,,2012,nfl
8,New Orleans SaintsNO,66.0,25.98,"$108,084,458","$5,531,362","$118,845,223",,,2012,nfl
9,Green Bay PackersGB,60.0,25.57,"$107,687,811","$4,701,497","$118,996,805",,,2012,nfl
10,Indianapolis ColtsIND,61.0,25.46,"$80,695,867","$34,153,198","$119,651,331",,,2012,nfl
11,Tennessee TitansTEN,64.0,25.47,"$102,165,031","$1,712,920","$120,999,867",,,2012,nfl
12,Miami DolphinsMIA,67.0,25.24,"$105,515,477","$12,051,542","$121,846,186",,,2012,nfl
13,Pittsburgh SteelersPIT,66.0,26.09,"$103,045,582","$9,861,995","$124,257,245",,,2012,nfl
14,Houston TexansHOU,61.0,26.03,"$104,233,297","$16,575,412","$125,088,709",,,2012,nfl
15,New York GiantsNYG,59.0,26.36,"$117,591,613","$3,974,153","$125,489,604",,,2012,nfl
16,Arizona CardinalsARI,66.0,26.58,"$117,389,856","$8,236,317","$125,626,173",,,2012,nfl
17,Seattle SeahawksSEA,60.0,25.6,"$100,239,603","$22,989,653","$126,486,060",,,2012,nfl
18,San Diego ChargersSD,67.0,26.72,"$111,292,156","$9,913,147","$126,645,772",,,2012,nfl
19,Cleveland BrownsCLE,64.0,25.36,"$106,897,462","$7,044,606","$127,031,421",,,2012,nfl
20,Atlanta FalconsATL,60.0,26.48,"$122,023,197","$2,781,834","$127,051,079",,,2012,nfl
21,Carolina PanthersCAR,59.0,25.56,"$99,903,996","$6,123,077","$127,403,460",,,2012,nfl
22,Chicago BearsCHI,65.0,26.74,"$118,614,114","$5,643,211","$128,111,164",,,2012,nfl
23,New England PatriotsNE,65.0,26.03,"$103,473,442","$18,669,694","$128,199,839",,,2012,nfl
24,Dallas CowboysDAL,67.0,25.93,"$104,514,642","$22,684,076","$130,229,465",,,2012,nfl
25,New York JetsNYJ,71.0,25.85,"$126,115,291","$3,483,228","$130,453,519",,,2012,nfl
26,Jacksonville JaguarsJAC,69.0,25.87,"$104,027,839","$10,462,285","$131,006,398",,,2012,nfl
27,Detroit LionsDET,66.0,26.8,"$125,338,430","$737,228","$131,428,399",,,2012,nfl
28,Denver BroncosDEN,60.0,26.3,"$120,588,032","$6,909,179","$131,648,944",,,2012,nfl
29,Baltimore RavensBAL,65.0,26.38,"$116,988,992","$10,525,194","$132,146,757",,,2012,nfl
30,Buffalo BillsBUF,63.0,25.81,"$99,480,489","$21,541,495","$132,433,193",,,2012,nfl
31,San Francisco 49ersSF,59.0,26.66,"$131,676,428","$555,680","$137,763,308",,,2012,nfl
32,Tampa Bay BuccaneersTB,65.0,25.4,"$115,910,913","$3,947,884","$138,329,614",,,2012,nfl
33,Kansas City ChiefsKC,65.0,25.8,"$133,969,686","$1,459,842","$139,956,474",,,2012,nfl
1,Jacksonville JaguarsJAC,61.0,24.9,"$76,481,330","$35,728,734","$120,494,441",,,2013,nfl
2,Cleveland BrownsCLE,58.0,24.95,"$94,420,575","$13,777,043","$113,736,500",,,2013,nfl
3,Philadelphia EaglesPHI,55.0,25.64,"$113,332,086","$12,079,098","$127,017,785",,,2013,nfl
4,Buffalo BillsBUF,56.0,25.41,"$93,133,764","$18,337,408","$115,151,649",,,2013,nfl
5,Carolina PanthersCAR,59.0,26.56,"$87,661,776","$18,607,423","$109,976,646",,,2013,nfl
6,Miami DolphinsMIA,55.0,25.69,"$83,538,929","$12,900,362","$112,354,370",,,2013,nfl
7,Green Bay PackersGB,59.0,25.1,"$105,630,986","$3,119,288","$120,756,853",,,2013,nfl
8,Tennessee TitansTEN,56.0,25.96,"$108,433,715","$12,550,074","$127,458,573",,,2013,nfl
9,Cincinnati BengalsCIN,61.0,25.93,"$114,672,294","$8,141,422","$127,066,245",,,2013,nfl
10,Denver BroncosDEN,59.0,26.53,"$118,575,997","$11,883,003","$133,046,000",,,2013,nfl
11,Tampa Bay BuccaneersTB,62.0,25.42,"$107,554,078","$14,407,084","$127,779,333",,,2013,nfl
12,Arizona CardinalsARI,60.0,26.62,"$98,975,699","$18,449,362","$120,046,145",,,2013,nfl
13,New England PatriotsNE,55.0,25.64,"$95,721,433","$16,697,929","$123,765,027",,,2013,nfl
14,Oakland RaidersOAK,58.0,25.83,"$62,911,225","$55,371,535","$121,534,233",,,2013,nfl
15,New York JetsNYJ,60.0,25.87,"$97,161,812","$22,421,993","$122,145,176",,,2013,nfl
16,San Francisco 49ersSF,55.0,26.35,"$111,080,375","$5,256,877","$122,183,675",,,2013,nfl
17,Chicago BearsCHI,57.0,27.04,"$118,072,918","$6,199,751","$125,564,669",,,2013,nfl
18,Seattle SeahawksSEA,57.0,25.54,"$113,492,822","$8,368,014","$133,725,554",,,2013,nfl
19,San Diego ChargersSD,59.0,25.93,"$101,204,163","$12,298,555","$120,452,285",,,2013,nfl
20,Dallas CowboysDAL,58.0,25.79,"$96,138,211","$17,118,735","$116,978,839",,,2013,nfl
21,Detroit LionsDET,57.0,26.39,"$97,903,420","$14,829,672","$119,919,260",,,2013,nfl
22,Kansas City ChiefsKC,57.0,25.47,"$115,279,528","$19,028,711","$135,499,353",,,2013,nfl
23,Houston TexansHOU,63.0,25.53,"$109,726,654","$6,812,448","$123,826,813",,,2013,nfl
24,Minnesota VikingsMIN,58.0,25.59,"$119,282,647","$4,909,405","$128,850,660",,,2013,nfl
25,Atlanta FalconsATL,58.0,26.0,"$100,229,932","$17,155,771","$122,214,225",,,2013,nfl
26,New Orleans SaintsNO,55.0,26.33,"$96,939,334","$6,302,472","$124,095,472",,,2013,nfl
27,Washington RedskinsWAS,63.0,26.1,"$97,389,614","$6,625,307","$109,663,555",,,2013,nfl
28,Pittsburgh SteelersPIT,58.0,26.24,"$99,276,546","$10,959,577","$125,459,345",,,2013,nfl
29,St. Louis RamsSTL,55.0,24.93,"$101,325,111","$14,665,104","$124,333,057",,,2013,nfl
30,Indianapolis ColtsIND,59.0,26.24,"$109,728,023","$10,847,687","$129,046,015",,,2013,nfl
31,Baltimore RavensBAL,55.0,26.05,"$108,485,383","$17,514,344","$127,861,848",,,2013,nfl
32,New York GiantsNYG,57.0,26.19,"$96,939,843","$8,936,393","$129,256,255",,,2013,nfl
1,Jacksonville JaguarsJAC,64.0,24.97,"$103,149,641","$18,165,907","$125,584,374",,,2014,nfl
2,Cleveland BrownsCLE,60.0,25.55,"$111,632,909","$20,616,725","$135,524,779",,,2014,nfl
3,New York JetsNYJ,60.0,25.75,"$96,032,661","$19,245,928","$118,345,094",,,2014,nfl
4,Philadelphia EaglesPHI,56.0,25.96,"$112,210,669","$10,190,533","$134,761,802",,,2014,nfl
5,Tennessee TitansTEN,61.0,26.2,"$97,288,788","$12,688,893","$127,601,550",,,2014,nfl
6,Cincinnati BengalsCIN,59.0,25.81,"$123,997,221","$5,142,081","$131,642,102",,,2014,nfl
7,Indianapolis ColtsIND,56.0,26.84,"$100,629,580","$5,902,931","$123,726,021",,,2014,nfl
8,Miami DolphinsMIA,62.0,25.61,"$121,775,111","$8,367,964","$142,455,998",,,2014,nfl
9,Green Bay PackersGB,60.0,25.4,"$127,059,943","$5,477,890","$134,018,492",,,2014,nfl
10,Baltimore RavensBAL,68.0,25.54,"$108,719,340","$14,865,768","$124,870,620",,,2014,nfl
11,Oakland RaidersOAK,62.0,26.03,"$88,804,054","$17,835,002","$124,442,456",,,2014,nfl
12,Seattle SeahawksSEA,60.0,25.6,"$104,081,005","$17,968,453","$130,434,083",,,2014,nfl
13,Carolina PanthersCAR,54.0,26.07,"$89,069,888","$27,093,734","$133,399,423",,,2014,nfl
14,New England PatriotsNE,59.0,25.68,"$106,914,393","$18,665,581","$134,321,836",,,2014,nfl
15,Dallas CowboysDAL,57.0,25.93,"$100,529,973","$27,564,132","$129,488,626",,,2014,nfl
16,San Francisco 49ersSF,64.0,26.1,"$109,080,815","$10,210,497","$131,507,823",,,2014,nfl
17,Minnesota VikingsMIN,59.0,25.32,"$99,364,225","$8,766,804","$130,020,129",,,2014,nfl
18,Buffalo BillsBUF,57.0,25.54,"$116,041,275","$27,015,831","$147,684,870",,,2014,nfl
19,Atlanta FalconsATL,59.0,26.32,"$112,913,137","$11,065,205","$133,009,495",,,2014,nfl
20,Arizona CardinalsARI,57.0,26.14,"$99,264,014","$15,708,766","$133,228,945",,,2014,nfl
21,Houston TexansHOU,61.0,25.54,"$107,817,768","$20,990,794","$132,043,412",,,2014,nfl
22,Pittsburgh SteelersPIT,54.0,26.33,"$116,094,468","$13,435,466","$131,947,647",,,2014,nfl
23,Tampa Bay BuccaneersTB,60.0,25.5,"$122,260,082","$13,814,575","$137,116,892",,,2014,nfl
24,Kansas City ChiefsKC,59.0,25.81,"$103,806,517","$9,407,748","$132,717,955",,,2014,nfl
25,Chicago BearsCHI,60.0,26.2,"$104,027,338","$18,280,371","$131,432,310",,,2014,nfl
26,Denver BroncosDEN,57.0,25.93,"$123,313,050","$9,483,329","$135,047,626",,,2014,nfl
27,New Orleans SaintsNO,60.0,26.2,"$108,853,726","$16,327,000","$131,717,175",,,2014,nfl
28,San Diego ChargersSD,57.0,26.51,"$104,154,985","$16,440,510","$134,236,725",,,2014,nfl
29,St. Louis RamsSTL,57.0,25.18,"$120,120,288","$8,402,953","$131,027,131",,,2014,nfl
30,New York GiantsNYG,62.0,26.16,"$104,260,667","$12,642,349","$131,935,198",,,2014,nfl
31,Detroit LionsDET,59.0,26.46,"$120,697,729","$9,379,143","$132,391,778",,,2014,nfl
32,Washington RedskinsWAS,61.0,25.87,"$109,161,929","$16,633,031","$132,411,712",,,2014,nfl
1,Jacksonville JaguarsJAC,59.0,25.1,"$113,939,472","$9,582,465","$136,247,404",,,2015,nfl
2,Tennessee TitansTEN,56.0,25.34,"$91,454,606","$17,866,172","$128,662,671",,,2015,nfl
3,Cleveland BrownsCLE,56.0,25.39,"$103,827,287","$7,054,744","$139,647,560",,,2015,nfl
4,New York GiantsNYG,60.0,25.87,"$81,804,601","$15,599,806","$128,321,422",,,2015,nfl
5,Oakland RaidersOAK,56.0,26.09,"$95,984,869","$16,688,813","$137,071,838",,,2015,nfl
6,San Francisco 49ersSF,54.0,25.26,"$75,152,917","$29,094,100","$136,740,459",,,2015,nfl
7,Tampa Bay BuccaneersTB,55.0,25.51,"$88,252,175","$25,305,733","$133,567,282",,,2015,nfl
8,Dallas CowboysDAL,56.0,25.88,"$89,789,032","$19,218,914","$137,816,498",,,2015,nfl
9,Atlanta FalconsATL,53.0,26.55,"$99,720,594","$22,469,541","$136,236,065",,,2015,nfl
10,Green Bay PackersGB,55.0,25.56,"$130,544,119","$5,436,397","$141,856,037",,,2015,nfl
11,Philadelphia EaglesPHI,57.0,26.21,"$125,895,408","$19,396,358","$150,325,196",,,2015,nfl
12,Indianapolis ColtsIND,56.0,26.88,"$120,203,501","$14,263,153","$143,402,177",,,2015,nfl
13,Cincinnati BengalsCIN,53.0,26.11,"$134,100,760","$4,848,065","$143,913,511",,,2015,nfl
14,Miami DolphinsMIA,52.0,25.13,"$90,566,641","$30,559,418","$144,878,936",,,2015,nfl
15,Buffalo BillsBUF,55.0,25.53,"$93,228,100","$13,643,764","$138,342,172",,,2015,nfl
16,Washington RedskinsWAS,60.0,26.22,"$112,017,096","$13,087,081","$139,956,532",,,2015,nfl
17,Pittsburgh SteelersPIT,61.0,26.38,"$111,599,896","$20,143,726","$138,977,441",,,2015,nfl
18,Denver BroncosDEN,54.0,26.24,"$135,142,144","$6,148,288","$145,098,899",,,2015,nfl
19,Kansas City ChiefsKC,56.0,25.75,"$114,623,601","$21,535,333","$141,444,281",,,2015,nfl
20,Carolina PanthersCAR,55.0,26.55,"$123,069,149","$15,374,865","$145,230,447",,,2015,nfl
21,St. Louis RamsSTL,54.0,24.98,"$94,367,751","$11,478,046","$140,686,890",,,2015,nfl
22,Baltimore RavensBAL,58.0,25.69,"$73,305,939","$24,009,341","$141,217,050",,,2015,nfl
23,Arizona CardinalsARI,58.0,26.28,"$121,979,201","$12,809,409","$144,707,976",,,2015,nfl
24,Chicago BearsCHI,58.0,25.79,"$91,954,859","$29,022,282","$141,649,704",,,2015,nfl
25,Houston TexansHOU,58.0,25.53,"$104,856,715","$17,423,845","$142,520,116",,,2015,nfl
26,New England PatriotsNE,57.0,25.68,"$98,735,571","$19,484,524","$141,316,422",,,2015,nfl
27,New York JetsNYJ,55.0,26.27,"$137,997,365","$8,255,570","$153,010,332",,,2015,nfl
28,Minnesota VikingsMIN,56.0,25.91,"$126,255,086","$9,150,229","$147,022,479",,,2015,nfl
29,New Orleans SaintsNO,58.0,26.62,"$97,128,567","$34,188,706","$142,921,439",,,2015,nfl
30,San Diego ChargersSD,55.0,26.16,"$92,053,333","$16,995,532","$140,814,655",,,2015,nfl
31,Detroit LionsDET,56.0,26.21,"$109,792,280","$21,236,686","$143,215,794",,,2015,nfl
32,Seattle SeahawksSEA,55.0,25.96,"$115,629,474","$19,635,133","$147,364,599",,,2015,nfl
1,Cleveland BrownsCLE,55.0,24.69,"$81,775,809","$35,204,018","$130,222,141",,,2016,nfl
2,San Francisco 49ersSF,53.0,25.83,"$84,921,427","$12,127,985","$134,002,183",,,2016,nfl
3,Jacksonville JaguarsJAC,52.0,25.23,"$109,679,864","$5,108,643","$150,459,217",,,2016,nfl
4,Tennessee TitansTEN,53.0,26.09,"$116,118,046","$18,508,957","$150,462,723",,,2016,nfl
5,Carolina PanthersCAR,53.0,26.53,"$98,999,535","$13,186,584","$139,231,900",,,2016,nfl
6,Washington RedskinsWAS,53.0,26.25,"$117,003,811","$16,723,788","$146,116,126",,,2016,nfl
7,Miami DolphinsMIA,50.0,25.96,"$98,532,410","$17,521,239","$151,387,347",,,2016,nfl
8,New York GiantsNYG,53.0,26.08,"$127,295,586","$15,250,316","$155,018,529",,,2016,nfl
9,New England PatriotsNE,53.0,25.89,"$117,616,342","$17,529,572","$147,674,888",,,2016,nfl
10,Philadelphia EaglesPHI,52.0,26.08,"$119,020,957","$24,179,418","$151,957,894",,,2016,nfl
11,New Orleans SaintsNO,53.0,26.77,"$86,319,212","$42,124,429","$146,288,954",,,2016,nfl
12,Green Bay PackersGB,51.0,25.37,"$134,428,984","$4,663,529","$154,207,025",,,2016,nfl
13,Chicago BearsCHI,53.0,25.42,"$73,471,561","$12,797,351","$148,323,553",,,2016,nfl
14,Indianapolis ColtsIND,53.0,26.15,"$114,015,686","$17,189,353","$152,482,343",,,2016,nfl
15,Detroit LionsDET,53.0,26.32,"$116,112,911","$24,654,669","$149,718,669",,,2016,nfl
16,Denver BroncosDEN,53.0,25.28,"$112,742,090","$15,138,349","$147,213,128",,,2016,nfl
17,Dallas CowboysDAL,51.0,26.47,"$139,363,235","$3,235,487","$152,736,923",,,2016,nfl
18,Cincinnati BengalsCIN,53.0,26.08,"$121,320,842","$3,968,637","$156,396,246",,,2016,nfl
19,Los Angeles RamsLAR,53.0,24.89,"$109,645,297","$21,365,306","$149,657,650",,,2016,nfl
20,Pittsburgh SteelersPIT,53.0,25.96,"$120,047,251","$11,726,970","$151,862,973",,,2016,nfl
21,Kansas City ChiefsKC,53.0,25.28,"$116,014,324","$14,174,760","$152,496,280",,,2016,nfl
22,Tampa Bay BuccaneersTB,54.0,25.5,"$120,636,046","$6,310,844","$155,725,098",,,2016,nfl
23,Houston TexansHOU,53.0,26.26,"$115,226,229","$8,653,110","$152,060,968",,,2016,nfl
24,Buffalo BillsBUF,53.0,26.06,"$112,497,692","$18,773,045","$152,340,574",,,2016,nfl
25,Atlanta FalconsATL,52.0,26.67,"$112,615,074","$26,026,281","$153,820,903",,,2016,nfl
26,Seattle SeahawksSEA,51.0,25.84,"$120,240,932","$14,163,211","$150,301,345",,,2016,nfl
27,Baltimore RavensBAL,53.0,26.3,"$115,846,569","$15,341,537","$150,959,443",,,2016,nfl
28,Oakland RaidersOAK,53.0,25.91,"$142,746,501","$9,198,592","$164,335,096",,,2016,nfl
29,Arizona CardinalsARI,53.0,25.77,"$111,290,277","$13,722,653","$155,855,865",,,2016,nfl
30,San Diego ChargersSD,53.0,25.66,"$101,639,984","$13,365,371","$155,470,367",,,2016,nfl
31,Minnesota VikingsMIN,53.0,26.28,"$119,127,210","$7,538,635","$157,201,886",,,2016,nfl
32,New York JetsNYJ,54.0,25.19,"$97,375,558","$16,874,389","$158,083,299",,,2016,nfl
1,Cleveland BrownsCLE,53.0,23.98,"$77,946,523","$46,236,097","$156,664,052",,,2017,nfl
2,San Francisco 49ersSF,53.0,25.77,"$78,589,073","$39,433,149","$145,364,821",,,2017,nfl
3,Jacksonville JaguarsJAC,53.0,25.32,"$151,852,626","$11,295,119","$171,292,956",,,2017,nfl
4,Tennessee TitansTEN,53.0,26.81,"$149,109,415","$8,068,695","$161,252,092",,,2017,nfl
5,New York JetsNYJ,53.0,25.13,"$98,416,921","$20,767,457","$144,902,320",,,2017,nfl
6,Tampa Bay BuccaneersTB,53.0,26.11,"$125,106,587","$7,223,802","$153,756,128",,,2017,nfl
7,Indianapolis ColtsIND,53.0,25.19,"$90,264,198","$27,574,758","$156,274,655",,,2017,nfl
8,Minnesota VikingsMIN,54.0,26.06,"$135,742,794","$11,934,841","$153,553,781",,,2017,nfl
9,Houston TexansHOU,53.0,25.81,"$99,775,402","$13,806,954","$159,828,404",,,2017,nfl
10,Buffalo BillsBUF,52.0,26.48,"$104,955,026","$28,929,576","$154,567,897",,,2017,nfl
11,Los Angeles ChargersLAC,53.0,25.87,"$127,034,223","$18,816,665","$157,638,663",,,2017,nfl
12,Denver BroncosDEN,53.0,25.42,"$121,736,835","$5,457,705","$156,404,109",,,2017,nfl
13,Cincinnati BengalsCIN,52.0,25.31,"$128,092,498","$4,148,865","$161,692,991",,,2017,nfl
14,Oakland RaidersOAK,53.0,25.85,"$144,377,592","$4,390,741","$164,442,467",,,2017,nfl
15,Dallas CowboysDAL,54.0,25.26,"$114,468,318","$26,658,546","$159,808,251",,,2017,nfl
16,Detroit LionsDET,52.0,25.79,"$130,190,524","$10,914,815","$161,081,019",,,2017,nfl
17,Chicago BearsCHI,53.0,25.81,"$110,629,152","$13,239,031","$167,722,301",,,2017,nfl
18,Green Bay PackersGB,53.0,25.23,"$115,603,840","$12,069,022","$168,491,403",,,2017,nfl
19,Pittsburgh SteelersPIT,53.0,26.08,"$145,814,413","$11,859,437","$163,380,183",,,2017,nfl
20,Los Angeles RamsLAR,54.0,25.13,"$141,016,255","$10,001,580","$156,886,564",,,2017,nfl
21,Baltimore RavensBAL,53.0,26.28,"$112,215,774","$21,993,528","$158,870,983",,,2017,nfl
22,Carolina PanthersCAR,51.0,27.18,"$144,363,005","$12,130,270","$175,448,311",,,2017,nfl
23,New England PatriotsNE,52.0,26.87,"$129,468,455","$7,226,565","$163,713,427",,,2017,nfl
24,Philadelphia EaglesPHI,53.0,26.08,"$130,626,348","$19,582,640","$172,566,936",,,2017,nfl
25,Arizona CardinalsARI,53.0,26.81,"$104,474,970","$7,526,798","$169,351,526",,,2017,nfl
26,Washington RedskinsWAS,54.0,25.78,"$114,359,646","$12,634,355","$174,807,970",,,2017,nfl
27,Seattle SeahawksSEA,53.0,25.68,"$126,625,244","$7,356,310","$167,367,602",,,2017,nfl
28,Atlanta FalconsATL,53.0,26.45,"$147,393,869","$8,459,139","$166,313,787",,,2017,nfl
29,New Orleans SaintsNO,51.0,25.86,"$97,762,121","$25,613,267","$161,717,460",,,2017,nfl
30,Kansas City ChiefsKC,52.0,26.02,"$135,438,141","$16,051,403","$169,575,858",,,2017,nfl
31,New York GiantsNYG,54.0,25.24,"$104,596,283","$10,080,895","$167,429,914",,,2017,nfl
32,Miami DolphinsMIA,53.0,25.87,"$102,474,406","$20,045,967","$171,947,683",,,2017,nfl
1,Cleveland BrownsCLE,53.0,25.11,"$142,452,164","$25,921,273","$182,046,964",,,2018,nfl
2,Indianapolis ColtsIND,52.0,25.21,"$116,290,378","$12,803,242","$144,247,844",,,2018,nfl
3,San Francisco 49ersSF,53.0,25.11,"$98,557,855","$27,399,690","$199,312,951",,,2018,nfl
4,Tennessee TitansTEN,53.0,25.98,"$117,854,426","$13,200,252","$182,398,711",,,2018,nfl
5,Pittsburgh SteelersPIT,53.0,25.72,"$130,326,198","$8,162,296","$161,685,116",,,2018,nfl
6,New York JetsNYJ,52.0,25.33,"$109,079,374","$25,994,796","$176,934,695",,,2018,nfl
7,Houston TexansHOU,53.0,25.43,"$140,536,221","$15,491,141","$172,217,925",,,2018,nfl
8,Dallas CowboysDAL,52.0,25.19,"$121,164,619","$32,554,792","$173,992,050",,,2018,nfl
9,Baltimore RavensBAL,53.0,25.92,"$150,160,923","$14,609,080","$170,531,630",,,2018,nfl
10,Buffalo BillsBUF,53.0,26.15,"$104,008,378","$70,343,254","$179,596,576",,,2018,nfl
11,Cincinnati BengalsCIN,53.0,25.26,"$112,197,398","$9,127,166","$180,328,193",,,2018,nfl
12,Miami DolphinsMIA,53.0,26.0,"$123,506,032","$20,095,019","$170,350,750",,,2018,nfl
13,New York GiantsNYG,53.0,25.68,"$117,538,663","$43,913,062","$170,995,982",,,2018,nfl
14,Jacksonville JaguarsJAC,53.0,25.3,"$140,722,671","$20,812,620","$198,525,085",,,2018,nfl
15,Philadelphia EaglesPHI,53.0,26.43,"$136,119,127","$14,907,511","$171,556,674",,,2018,nfl
16,Oakland RaidersOAK,53.0,25.74,"$115,252,545","$28,994,233","$178,870,237",,,2018,nfl
17,Washington RedskinsWAS,53.0,25.92,"$102,905,158","$14,621,935","$172,795,336",,,2018,nfl
18,Arizona CardinalsARI,53.0,25.6,"$107,921,249","$40,226,555","$172,915,077",,,2018,nfl
19,Detroit LionsDET,53.0,26.4,"$109,575,685","$24,645,116","$175,496,566",,,2018,nfl
20,Denver BroncosDEN,53.0,25.29,"$114,730,854","$26,980,844","$181,619,996",,,2018,nfl
21,Green Bay PackersGB,53.0,25.15,"$124,176,442","$14,982,444","$175,766,368",,,2018,nfl
22,Chicago BearsCHI,53.0,25.58,"$151,948,529","$15,441,260","$179,499,788",,,2018,nfl
23,Atlanta FalconsATL,53.0,27.11,"$141,338,061","$9,172,909","$173,654,866",,,2018,nfl
24,New England PatriotsNE,52.0,27.25,"$155,807,993","$10,991,148","$175,954,265",,,2018,nfl
25,Kansas City ChiefsKC,52.0,25.75,"$143,955,068","$22,862,302","$176,891,845",,,2018,nfl
26,Seattle SeahawksSEA,53.0,25.47,"$124,852,499","$22,740,742","$175,111,279",,,2018,nfl
27,Los Angeles ChargersLAC,53.0,26.0,"$144,473,149","$15,367,556","$177,286,710",,,2018,nfl
28,Tampa Bay BuccaneersTB,53.0,25.85,"$157,768,609","$11,163,023","$189,900,886",,,2018,nfl
29,Los Angeles RamsLAR,53.0,25.55,"$158,602,121","$16,825,476","$179,872,330",,,2018,nfl
30,New Orleans SaintsNO,51.0,26.35,"$138,920,060","$22,778,103","$176,019,524",,,2018,nfl
31,Minnesota VikingsMIN,53.0,25.75,"$172,763,838","$7,110,150","$190,331,422",,,2018,nfl
32,Carolina PanthersCAR,53.0,26.7,"$138,090,418","$12,588,681","$184,421,777",,,2018,nfl
