RK,TEAM,GMS,TOTAL,AVG,PCT,year,sport
1,Oakland,81,1476792,18232,52.0,2011,mlb
2,Tampa Bay,81,1529188,18878,55.4,2011,mlb
3,Florida,80,1520562,19007,48.8,2011,mlb
4,Kansas City,81,1724450,21289,56.2,2011,mlb
5,Baltimore,80,1755461,21943,48.3,2011,mlb
6,Toronto,81,1818103,22445,45.6,2011,mlb
7,Cleveland,81,1840835,22726,52.3,2011,mlb
8,Seattle,81,1896321,23411,48.9,2011,mlb
9,Pittsburgh,80,1940429,24255,63.2,2011,mlb
10,Chicago White Sox,81,2001117,24705,60.8,2011,mlb
11,Washington,78,1940478,24877,59.9,2011,mlb
12,Houston,81,2067016,25518,62.3,2011,mlb
13,Arizona,81,2105432,25992,53.4,2011,mlb
14,San Diego,81,2143018,26457,62.0,2011,mlb
15,Cincinnati,81,2213498,27327,64.6,2011,mlb
16,Atlanta,79,2372940,30037,60.4,2011,mlb
17,NY Mets,79,2378549,30108,72.0,2011,mlb
18,Detroit,81,2642045,32617,79.1,2011,mlb
19,Colorado,81,2909777,35923,71.1,2011,mlb
20,LA Dodgers,81,2935139,36236,64.7,2011,mlb
21,Texas,81,2946949,36382,74.0,2011,mlb
22,Chicago Cubs,81,3017966,37258,90.5,2011,mlb
23,Boston,81,3054001,37703,101.7,2011,mlb
24,Milwaukee,81,3071373,37918,90.5,2011,mlb
25,St. Louis,81,3093954,38196,86.9,2011,mlb
26,LA Angels,81,3166321,39090,86.1,2011,mlb
27,Minnesota,81,3168107,39112,99.0,2011,mlb
28,San Francisco,81,3387303,41818,99.8,2011,mlb
29,NY Yankees,81,3653680,45107,89.7,2011,mlb
30,Philadelphia,81,3680718,45440,104.1,2011,mlb
1,Tampa Bay,81,1559681,19255,56.5,2012,mlb
2,Cleveland,81,1603596,19797,45.6,2012,mlb
3,Houston,81,1607733,19848,48.5,2012,mlb
4,Oakland,81,1679013,20728,60.6,2012,mlb
5,Seattle,81,1721920,21258,44.4,2012,mlb
6,Kansas City,80,1739859,21748,57.4,2012,mlb
7,Chicago White Sox,81,1965955,24271,59.8,2012,mlb
8,Toronto,81,2099663,25921,52.6,2012,mlb
9,Pittsburgh,80,2091918,26148,68.2,2012,mlb
10,San Diego,81,2123721,26218,61.4,2012,mlb
11,Baltimore,79,2102240,26610,58.6,2012,mlb
12,Arizona,81,2177617,26884,55.3,2012,mlb
13,Miami,81,2219444,27400,73.2,2012,mlb
14,NY Mets,80,2242803,28035,67.1,2012,mlb
15,Cincinnati,81,2347251,28978,68.5,2012,mlb
16,Atlanta,81,2420171,29878,60.1,2012,mlb
17,Washington,79,2370794,30010,72.3,2012,mlb
18,Colorado,81,2630458,32474,64.3,2012,mlb
19,Minnesota,81,2776354,34275,86.8,2012,mlb
20,Milwaukee,81,2831385,34955,83.4,2012,mlb
21,Chicago Cubs,81,2882756,35589,86.5,2012,mlb
22,Detroit,81,3028033,37383,90.6,2012,mlb
23,Boston,81,3043003,37567,101.4,2012,mlb
24,LA Angels,81,3061770,37799,83.3,2012,mlb
25,St. Louis,81,3262109,40272,91.6,2012,mlb
26,LA Dodgers,81,3324246,41040,73.3,2012,mlb
27,San Francisco,81,3377371,41695,99.5,2012,mlb
28,Texas,81,3460280,42719,86.9,2012,mlb
29,NY Yankees,81,3542406,43733,87.0,2012,mlb
30,Philadelphia,81,3565718,44021,100.8,2012,mlb
1,Tampa Bay,81,1510300,18645,54.7,2013,mlb
2,Miami,81,1586322,19584,52.3,2013,mlb
3,Cleveland,80,1572926,19661,45.3,2013,mlb
4,Houston,81,1651883,20393,49.8,2013,mlb
5,Kansas City,81,1750754,21614,57.0,2013,mlb
6,Seattle,81,1761546,21747,45.4,2013,mlb
7,Chicago White Sox,80,1768413,22105,54.4,2013,mlb
8,Oakland,81,1809302,22337,63.7,2013,mlb
9,Arizona,81,2134795,26355,54.2,2013,mlb
10,NY Mets,80,2135657,26695,63.9,2013,mlb
11,San Diego,81,2166691,26749,62.7,2013,mlb
12,Pittsburgh,80,2256862,28210,73.5,2013,mlb
13,Baltimore,81,2357561,29105,64.1,2013,mlb
14,Minnesota,81,2477644,30588,77.4,2013,mlb
15,Milwaukee,81,2531105,31248,74.6,2013,mlb
16,Cincinnati,81,2534369,31288,73.9,2013,mlb
17,Toronto,81,2536562,31315,63.6,2013,mlb
18,Atlanta,81,2548679,31465,63.3,2013,mlb
19,Chicago Cubs,81,2642682,32625,79.3,2013,mlb
20,Washington,81,2652422,32745,78.9,2013,mlb
21,Colorado,81,2793828,34491,68.3,2013,mlb
22,Boston,81,2833333,34979,94.4,2013,mlb
23,Philadelphia,81,3012403,37190,85.2,2013,mlb
24,LA Angels,81,3019505,37277,82.1,2013,mlb
25,Detroit,81,3083397,38066,92.3,2013,mlb
26,Texas,82,3178273,38759,78.8,2013,mlb
27,NY Yankees,81,3279589,40488,80.5,2013,mlb
28,San Francisco,80,3326796,41584,99.2,2013,mlb
29,St. Louis,81,3369769,41602,94.6,2013,mlb
30,LA Dodgers,81,3743527,46216,82.5,2013,mlb
1,Tampa Bay,81,1446464,17857,52.4,2014,mlb
2,Cleveland,78,1437393,18428,42.4,2014,mlb
3,Chicago White Sox,79,1650821,20896,51.5,2014,mlb
4,Miami,81,1732283,21386,57.1,2014,mlb
5,Houston,81,1751829,21627,52.8,2014,mlb
6,Kansas City,81,1956482,24154,63.7,2014,mlb
7,Oakland,80,2003628,25045,71.4,2014,mlb
8,Seattle,81,2064334,25485,53.2,2014,mlb
9,Arizona,81,2073730,25601,54.0,2014,mlb
10,NY Mets,80,2148808,26860,64.3,2014,mlb
11,San Diego,81,2195373,27103,63.5,2014,mlb
12,Minnesota,81,2250606,27785,70.3,2014,mlb
13,Atlanta,81,2354305,29065,58.4,2014,mlb
14,Toronto,81,2375525,29327,59.5,2014,mlb
15,Philadelphia,81,2423852,29924,68.6,2014,mlb
16,Pittsburgh,81,2442564,30155,78.6,2014,mlb
17,Cincinnati,81,2476664,30576,72.3,2014,mlb
18,Baltimore,80,2464473,30805,67.8,2014,mlb
19,Washington,81,2579389,31844,76.7,2014,mlb
20,Chicago Cubs,81,2652113,32742,79.6,2014,mlb
21,Colorado,81,2680329,33090,65.5,2014,mlb
22,Texas,81,2718733,33564,68.3,2014,mlb
23,Milwaukee,81,2797384,34535,82.4,2014,mlb
24,Detroit,81,2917209,36014,87.3,2014,mlb
25,Boston,81,2956089,36494,98.5,2014,mlb
26,LA Angels,81,3095935,38221,84.2,2014,mlb
27,San Francisco,81,3368697,41588,99.2,2014,mlb
28,NY Yankees,80,3401624,42520,85.7,2014,mlb
29,St. Louis,81,3540649,43711,99.4,2014,mlb
30,LA Dodgers,81,3782337,46695,83.4,2014,mlb
1,Tampa Bay,81,1247668,15403,45.2,2015,mlb
2,Cleveland,78,1388905,17806,41.0,2015,mlb
3,Miami,81,1752235,21632,57.8,2015,mlb
4,Oakland,81,1768175,21829,62.3,2015,mlb
5,Chicago White Sox,80,1755810,21947,54.0,2015,mlb
6,Philadelphia,78,1831080,23475,53.8,2015,mlb
7,Atlanta,80,2001392,25017,50.3,2015,mlb
8,Arizona,81,2080145,25680,52.8,2015,mlb
9,Houston,81,2153585,26587,64.9,2015,mlb
10,Seattle,81,2193581,27081,56.6,2015,mlb
11,Minnesota,81,2220054,27408,69.4,2015,mlb
12,Baltimore,79,2320590,29374,65.3,2015,mlb
13,Cincinnati,81,2419506,29870,70.6,2015,mlb
14,San Diego,81,2459752,30367,71.1,2015,mlb
15,Texas,81,2491875,30763,62.6,2015,mlb
16,Pittsburgh,81,2498596,30846,80.4,2015,mlb
17,Colorado,80,2506789,31334,62.1,2015,mlb
18,Milwaukee,81,2542558,31389,74.9,2015,mlb
19,NY Mets,81,2569753,31725,75.9,2015,mlb
20,Washington,81,2619843,32343,77.9,2015,mlb
21,Kansas City,81,2708549,33438,88.2,2015,mlb
22,Detroit,81,2726048,33654,81.6,2015,mlb
23,Toronto,81,2794891,34504,70.0,2015,mlb
24,Boston,81,2880694,35564,94.8,2015,mlb
25,Chicago Cubs,81,2959812,36540,88.8,2015,mlb
26,LA Angels,81,3012765,37194,81.9,2015,mlb
27,NY Yankees,80,3193795,39922,80.4,2015,mlb
28,San Francisco,81,3375882,41677,99.4,2015,mlb
29,St. Louis,81,3520889,43467,98.8,2015,mlb
30,LA Dodgers,81,3764815,46479,83.0,2015,mlb
1,Tampa Bay,81,1286163,15878,46.6,2016,mlb
2,Oakland,81,1521506,18784,53.6,2016,mlb
3,Cleveland,81,1591667,19650,45.2,2016,mlb
4,Miami,80,1712417,21405,57.2,2016,mlb
5,Chicago White Sox,80,1746293,21828,53.7,2016,mlb
6,Cincinnati,81,1894085,23383,55.3,2016,mlb
7,Philadelphia,81,1915144,23643,54.2,2016,mlb
8,Minnesota,81,1963912,24245,61.4,2016,mlb
9,Atlanta,81,2020914,24949,50.8,2016,mlb
10,Arizona,81,2036216,25138,51.7,2016,mlb
11,Baltimore,81,2172344,26819,59.0,2016,mlb
12,Seattle,81,2267928,27999,58.5,2016,mlb
13,Pittsburgh,80,2249021,28112,73.3,2016,mlb
14,Houston,81,2306623,28476,69.5,2016,mlb
15,Milwaukee,81,2314614,28575,68.2,2016,mlb
16,San Diego,81,2351426,29029,68.0,2016,mlb
17,Washington,81,2481938,30641,73.8,2016,mlb
18,Detroit,80,2493859,31173,75.6,2016,mlb
19,Kansas City,81,2557712,31576,83.3,2016,mlb
20,Colorado,81,2602524,32129,63.6,2016,mlb
21,Texas,81,2710402,33461,68.1,2016,mlb
22,NY Mets,80,2789602,34870,83.4,2016,mlb
23,Boston,81,2955434,36486,97.2,2016,mlb
24,LA Angels,81,3016142,37236,82.0,2016,mlb
25,NY Yankees,81,3063405,37819,76.2,2016,mlb
26,Chicago Cubs,81,3232420,39906,97.0,2016,mlb
27,San Francisco,81,3365256,41546,99.1,2016,mlb
28,Toronto,81,3392299,41880,85.0,2016,mlb
29,St. Louis,81,3444490,42524,96.7,2016,mlb
30,LA Dodgers,81,3703312,45719,81.6,2016,mlb
1,Tampa Bay,80,1253619,15670,45.6,2017,mlb
2,Oakland,80,1475721,18446,52.6,2017,mlb
3,Miami,81,1651997,20395,54.2,2017,mlb
4,Chicago White Sox,79,1629470,20626,50.8,2017,mlb
5,Cincinnati,81,1836917,22677,53.6,2017,mlb
6,Pittsburgh,81,1919447,23696,62.5,2017,mlb
7,Philadelphia,79,1905354,24118,55.3,2017,mlb
8,Baltimore,81,2028424,25042,55.1,2017,mlb
9,Cleveland,81,2048138,25285,58.2,2017,mlb
10,Minnesota,80,2051279,25640,64.9,2017,mlb
11,Arizona,81,2134375,26350,54.2,2017,mlb
12,Seattle,81,2135445,26363,55.1,2017,mlb
13,San Diego,81,2138491,26401,61.8,2017,mlb
14,Kansas City,80,2220370,27754,73.2,2017,mlb
15,Detroit,81,2321599,28661,69.5,2017,mlb
16,Houston,81,2403671,29674,72.9,2017,mlb
17,NY Mets,80,2460622,30757,73.6,2017,mlb
18,Atlanta,81,2505252,30929,75.3,2017,mlb
19,Texas,81,2507760,30960,63.0,2017,mlb
20,Washington,81,2524980,31172,75.1,2017,mlb
21,Milwaukee,81,2558722,31589,75.4,2017,mlb
22,Boston,81,2917678,36020,95.9,2017,mlb
23,Colorado,81,2953650,36464,72.2,2017,mlb
24,LA Angels,81,3019583,37278,82.1,2017,mlb
25,Chicago Cubs,81,3199562,39500,96.0,2017,mlb
26,Toronto,81,3203886,39554,80.3,2017,mlb
27,NY Yankees,79,3146966,39835,80.2,2017,mlb
28,San Francisco,81,3303652,40785,97.3,2017,mlb
29,St. Louis,81,3447937,42567,96.8,2017,mlb
30,LA Dodgers,81,3765856,46492,83.0,2017,mlb
1,Miami,81,811104,10013,26.7,2018,mlb
2,Tampa Bay,81,1154973,14258,41.8,2018,mlb
3,Pittsburgh,78,1465316,18786,49.0,2018,mlb
4,Oakland,81,1573616,19427,55.4,2018,mlb
5,Baltimore,78,1564192,20053,44.1,2018,mlb
6,Chicago White Sox,80,1608817,20110,50.1,2018,mlb
7,Cincinnati,81,1629356,20115,47.5,2018,mlb
8,Kansas City,81,1665107,20556,54.2,2018,mlb
9,Detroit,80,1856970,23212,56.3,2018,mlb
10,Cleveland,80,1926701,24083,55.4,2018,mlb
11,Minnesota,80,1959197,24489,63.6,2018,mlb
12,Texas,81,2107107,26013,52.9,2018,mlb
13,San Diego,80,2147000,26837,64.5,2018,mlb
14,Philadelphia,79,2158124,27318,63.4,2018,mlb
15,Arizona,81,2242695,27687,56.9,2018,mlb
16,NY Mets,79,2224995,28164,67.4,2018,mlb
17,Seattle,81,2299489,28388,59.3,2018,mlb
18,Toronto,80,2325281,29066,59.0,2018,mlb
19,Atlanta,81,2555781,31552,76.8,2018,mlb
20,Washington,80,2529604,31620,76.2,2018,mlb
21,Milwaukee,81,2850875,35195,84.0,2018,mlb
22,Boston,81,2895575,35747,95.3,2018,mlb
23,Houston,81,2980549,36796,89.8,2018,mlb
24,Colorado,81,3015880,37233,73.7,2018,mlb
25,LA Angels,81,3020216,37286,82.1,2018,mlb
26,Chicago Cubs,82,3181089,38793,94.3,2018,mlb
27,San Francisco,81,3156185,38965,93.0,2018,mlb
28,St. Louis,81,3403587,42019,95.6,2018,mlb
29,NY Yankees,81,3482855,42998,86.6,2018,mlb
30,LA Dodgers,82,3857500,47042,84.0,2018,mlb
1,Pacers,41,555077,13538,74.5,2011,nba
2,Kings,41,569496,13890,80.2,2011,nba
3,Nets,41,581378,14179,80.6,2011,nba
4,Grizzlies,41,600687,14650,80.9,2011,nba
5,Pelicans,41,603088,14709,86.1,2011,nba
6,76ers,41,604823,14751,72.6,2011,nba
7,Timberwolves,41,624960,15242,78.8,2011,nba
8,Bucks,41,631910,15412,82.3,2011,nba
9,Hawks,41,641596,15648,83.6,2011,nba
10,Hornets,41,649694,15846,83.1,2011,nba
11,Rockets,41,663839,16191,89.7,2011,nba
12,Raptors,41,679208,16566,83.7,2011,nba
13,Pistons,41,683080,16660,75.5,2011,nba
14,Wizards,41,688466,16791,83.2,2011,nba
15,Nuggets,41,692968,16901,88.2,2011,nba
16,Suns,41,720249,17567,95.4,2011,nba
17,Clippers,41,727462,17742,93.1,2011,nba
18,Thunder,41,744068,18148,99.7,2011,nba
19,Spurs,41,750879,18314,98.6,2011,nba
20,Celtics,41,763584,18624,100.0,2011,nba
21,Warriors,41,766398,18692,95.4,2011,nba
22,Magic,41,777852,18972,102.6,2011,nba
23,Lakers,41,778877,18997,99.7,2011,nba
24,Jazz,41,799982,19511,98.0,2011,nba
25,NY Knicks,41,808879,19728,99.8,2011,nba
26,Heat,41,810930,19778,100.9,2011,nba
27,Mavericks,41,824162,20101,104.7,2011,nba
28,Cavaliers,41,824595,20112,97.8,2011,nba
29,Trail Blazers,41,840924,20510,102.7,2011,nba
30,Bulls,41,893462,21791,104.2,2011,nba
1,Nets,33,460719,13961,75.5,2012,nba
2,Pacers,33,467561,14168,78.0,2012,nba
3,Pistons,33,475638,14413,65.3,2012,nba
4,Kings,33,478764,14508,83.8,2012,nba
5,Bucks,33,485717,14718,78.6,2012,nba
6,Hornets,33,486984,14757,77.4,2012,nba
7,Pelicans,33,498618,15109,88.4,2012,nba
8,Hawks,33,501593,15199,81.2,2012,nba
9,Rockets,33,506994,15363,85.1,2012,nba
10,Suns,33,514718,15597,84.7,2012,nba
11,Grizzlies,33,518256,15704,86.7,2012,nba
12,Cavaliers,33,525577,15926,77.5,2012,nba
13,Wizards,33,552038,16728,82.9,2012,nba
14,Raptors,33,555584,16835,85.0,2012,nba
15,Nuggets,33,561966,17029,88.9,2012,nba
16,Timberwolves,33,577197,17490,90.4,2012,nba
17,76ers,33,577597,17502,86.1,2012,nba
18,Thunder,33,600699,18203,100.0,2012,nba
19,Spurs,33,607095,18396,99.0,2012,nba
20,Celtics,33,614592,18624,100.0,2012,nba
21,Warriors,33,622311,18857,96.2,2012,nba
22,Magic,33,623587,18896,102.1,2012,nba
23,Lakers,33,626901,18997,99.7,2012,nba
24,Clippers,33,634237,19219,100.8,2012,nba
25,Jazz,33,637124,19306,97.0,2012,nba
26,NY Knicks,33,652179,19763,100.0,2012,nba
27,Heat,33,657855,19935,101.7,2012,nba
28,Mavericks,33,671050,20334,105.9,2012,nba
29,Trail Blazers,33,676384,20496,102.6,2012,nba
30,Bulls,33,731326,22161,105.9,2012,nba
3,Kings,41,563743,13749,79.4,2013,nba
4,Pelicans,41,565930,13803,80.3,2013,nba
5,Pistons,41,606094,14782,67.0,2013,nba
6,Bucks,41,616469,15035,80.3,2013,nba
7,Hawks,41,620146,15125,80.8,2013,nba
8,Pacers,41,626069,15269,84.1,2013,nba
9,Hornets,41,628293,15324,80.3,2013,nba
10,Suns,41,632913,15436,83.8,2013,nba
11,Cavaliers,41,663882,16192,78.7,2013,nba
12,Timberwolves,41,669956,16340,84.4,2013,nba
13,Wizards,41,670070,16343,80.6,2013,nba
14,Grizzlies,41,681613,16624,91.8,2013,nba
15,Rockets,41,683564,16672,92.4,2013,nba
16,76ers,41,685412,16717,82.2,2013,nba
17,Nets,41,704702,17187,94.9,2013,nba
18,Magic,41,721414,17595,93.4,2013,nba
19,Nuggets,41,730616,17819,93.0,2013,nba
20,Raptors,41,743936,18144,91.6,2013,nba
21,Thunder,41,746323,18203,100.0,2013,nba
22,Spurs,41,755700,18431,99.2,2013,nba
23,Celtics,40,744960,18624,100.0,2013,nba
24,Jazz,41,765915,18680,93.8,2013,nba
25,Lakers,41,778877,18997,99.7,2013,nba
26,NY Knicks,41,780353,19033,96.3,2013,nba
27,Clippers,41,788293,19226,100.9,2013,nba
28,Warriors,41,794320,19373,98.9,2013,nba
29,Trail Blazers,41,813012,19829,95.4,2013,nba
30,Heat,41,819290,19982,102.0,2013,nba
31,Mavericks,41,821490,20036,104.4,2013,nba
32,Bulls,41,896944,21876,104.6,2013,nba
3,Bucks,41,552967,13487,72.1,2014,nba
4,76ers,41,568632,13869,68.2,2014,nba
5,Hawks,41,587927,14339,76.6,2014,nba
6,Timberwolves,41,597157,14564,75.2,2014,nba
7,Pistons,41,615238,15005,68.0,2014,nba
8,Hornets,41,636268,15518,81.3,2014,nba
9,Suns,41,650739,15871,86.2,2014,nba
10,Magic,41,666046,16245,86.2,2014,nba
11,Kings,41,667949,16291,94.1,2014,nba
12,Pelicans,41,672029,16390,95.4,2014,nba
13,Grizzlies,41,685458,16718,92.3,2014,nba
14,Nuggets,41,692898,16899,88.2,2014,nba
15,Wizards,41,698068,17026,84.0,2014,nba
16,Nets,41,707331,17251,95.3,2014,nba
17,Cavaliers,41,710522,17329,84.3,2014,nba
18,Pacers,41,717542,17501,96.3,2014,nba
19,Celtics,41,742400,18107,97.2,2014,nba
20,Rockets,41,743082,18123,100.4,2014,nba
21,Jazz,41,745203,18175,91.3,2014,nba
22,Thunder,41,746323,18203,100.0,2014,nba
23,Raptors,41,748339,18252,92.2,2014,nba
24,Spurs,41,755031,18415,99.1,2014,nba
25,Lakers,41,771974,18828,98.8,2014,nba
26,Clippers,41,787692,19212,100.8,2014,nba
27,Warriors,41,803436,19596,100.0,2014,nba
28,Trail Blazers,41,809612,19746,95.0,2014,nba
29,Heat,41,811036,19781,100.9,2014,nba
30,NY Knicks,41,812292,19812,100.0,2014,nba
31,Mavericks,41,817982,19950,103.9,2014,nba
32,Bulls,41,890370,21716,103.8,2014,nba
3,76ers,41,571572,13940,68.6,2015,nba
4,Timberwolves,41,595652,14528,75.1,2015,nba
5,Nuggets,41,602707,14700,76.7,2015,nba
6,Bucks,41,611226,14907,79.6,2015,nba
7,Pistons,41,625917,15266,69.2,2015,nba
8,Kings,41,680049,16586,95.8,2015,nba
9,Pelicans,41,683757,16677,97.0,2015,nba
10,Magic,41,688194,16785,89.1,2015,nba
11,Pacers,41,691434,16864,92.8,2015,nba
12,Suns,41,693862,16923,91.9,2015,nba
13,Nets,41,698529,17037,94.1,2015,nba
14,Hornets,41,704886,17192,90.1,2015,nba
15,Grizzlies,41,710502,17329,95.6,2015,nba
16,Hawks,41,713909,17412,93.0,2015,nba
17,Celtics,41,721350,17593,94.5,2015,nba
18,Thunder,41,746323,18203,100.0,2015,nba
19,Rockets,41,747412,18229,101.0,2015,nba
20,Wizards,41,747796,18238,89.9,2015,nba
21,Spurs,41,762855,18606,100.1,2015,nba
22,Lakers,41,768244,18737,98.3,2015,nba
23,Jazz,41,772059,18830,94.6,2015,nba
24,Clippers,41,785892,19168,100.6,2015,nba
25,Trail Blazers,41,801733,19554,94.0,2015,nba
26,Warriors,41,803436,19596,100.0,2015,nba
27,Heat,41,808223,19712,100.6,2015,nba
28,Raptors,41,809824,19751,99.8,2015,nba
29,NY Knicks,41,812292,19812,100.0,2015,nba
30,Mavericks,41,827702,20187,105.1,2015,nba
31,Cavaliers,41,843042,20562,100.0,2015,nba
32,Bulls,41,875091,21343,102.0,2015,nba
3,Nuggets,41,577898,14095,73.6,2016,nba
4,Timberwolves,41,581178,14175,73.2,2016,nba
5,76ers,41,610121,14881,73.2,2016,nba
6,Nets,41,620142,15125,83.6,2016,nba
7,Bucks,41,621808,15166,81.0,2016,nba
8,Pistons,41,677138,16515,74.8,2016,nba
9,Grizzlies,41,684603,16697,92.2,2016,nba
10,Pelicans,41,688549,16793,97.7,2016,nba
11,Hawks,41,690150,16832,89.9,2016,nba
12,Pacers,41,690733,16847,92.7,2016,nba
13,Suns,41,701405,17107,92.9,2016,nba
14,Kings,41,707526,17256,99.7,2016,nba
15,Hornets,41,716894,17485,91.7,2016,nba
16,Magic,41,719275,17543,93.1,2016,nba
17,Wizards,41,725426,17693,87.3,2016,nba
18,Rockets,41,737244,17981,99.7,2016,nba
19,Thunder,41,746323,18203,100.0,2016,nba
20,Celtics,41,749076,18270,98.1,2016,nba
21,Spurs,41,756445,18449,99.3,2016,nba
22,Lakers,41,778877,18997,99.7,2016,nba
23,Clippers,41,786910,19192,100.7,2016,nba
24,Jazz,41,791489,19304,97.0,2016,nba
25,Trail Blazers,41,794085,19367,99.6,2016,nba
26,Warriors,41,803436,19596,100.0,2016,nba
27,Heat,41,809350,19740,100.7,2016,nba
28,NY Knicks,41,812292,19812,100.0,2016,nba
29,Raptors,41,812863,19825,100.1,2016,nba
30,Mavericks,41,825901,20143,104.9,2016,nba
31,Cavaliers,41,843042,20562,100.0,2016,nba
32,Bulls,41,894659,21820,104.3,2016,nba
3,Nuggets,41,605585,14770,77.1,2017,nba
4,Timberwolves,41,607203,14809,76.5,2017,nba
5,Nets,41,632608,15429,85.2,2017,nba
6,Bucks,41,648952,15828,84.6,2017,nba
7,Hawks,41,654306,15958,85.2,2017,nba
8,Pistons,41,655141,15979,72.4,2017,nba
9,Pelicans,41,663099,16173,94.1,2017,nba
10,Grizzlies,41,677314,16519,91.2,2017,nba
11,Pacers,41,684578,16697,91.9,2017,nba
12,Rockets,41,695903,16973,94.1,2017,nba
13,Wizards,41,697107,17002,83.8,2017,nba
14,Suns,41,708639,17283,93.8,2017,nba
15,76ers,41,710557,17330,85.3,2017,nba
16,Hornets,41,710643,17332,90.9,2017,nba
17,Kings,41,721928,17608,100.6,2017,nba
18,Magic,41,727875,17753,94.2,2017,nba
19,Thunder,41,746323,18203,100.0,2017,nba
20,Spurs,41,755347,18423,99.2,2017,nba
21,Celtics,41,760690,18553,99.6,2017,nba
22,Lakers,41,776917,18949,99.4,2017,nba
23,Clippers,41,782609,19088,100.1,2017,nba
24,Trail Blazers,41,792029,19317,99.4,2017,nba
25,Warriors,41,803436,19596,100.0,2017,nba
26,Heat,41,805400,19643,100.2,2017,nba
27,Jazz,41,806605,19673,98.8,2017,nba
28,NY Knicks,41,810741,19774,99.8,2017,nba
29,Mavericks,41,811366,19789,103.1,2017,nba
30,Raptors,41,813050,19830,100.2,2017,nba
31,Cavaliers,41,843042,20562,100.0,2017,nba
32,Bulls,41,888882,21680,103.6,2017,nba
5,Hawks,41,590769,14409,76.9,2018,nba
6,Nets,41,622278,15556,85.9,2018,nba
7,Grizzlies,41,653863,15947,88.0,2018,nba
8,Pacers,41,658119,16051,88.4,2018,nba
9,Hornets,41,671404,16375,85.8,2018,nba
10,Pelicans,41,673920,16437,95.6,2018,nba
11,Bucks,41,685303,16714,89.3,2018,nba
12,Suns,41,674655,16866,91.6,2018,nba
13,Clippers,41,697812,17019,89.3,2018,nba
14,Timberwolves,41,699308,17056,89.9,2018,nba
15,Nuggets,41,702796,17141,89.5,2018,nba
16,Pistons,41,713945,17413,82.9,2018,nba
17,Kings,41,649571,17555,100.3,2018,nba
18,Magic,41,715728,17893,94.9,2018,nba
19,Rockets,41,716008,17900,99.2,2018,nba
20,Jazz,41,734806,17922,90.0,2018,nba
21,Wizards,41,718946,17973,88.6,2018,nba
22,Thunder,41,746323,18203,100.0,2018,nba
23,Spurs,41,754562,18403,99.0,2018,nba
24,Celtics,41,744960,18624,100.0,2018,nba
25,Lakers,41,776327,18934,99.3,2018,nba
26,NY Knicks,41,792608,19331,97.6,2018,nba
27,Trail Blazers,41,795328,19398,99.8,2018,nba
28,Warriors,41,803436,19596,100.0,2018,nba
29,Heat,41,785250,19631,100.2,2018,nba
30,Mavericks,41,811453,19791,103.1,2018,nba
31,Raptors,41,813431,19839,100.2,2018,nba
32,76ers,41,833503,20329,100.0,2018,nba
33,Cavaliers,41,843042,20562,100.0,2018,nba
34,Bulls,41,851824,20776,99.3,2018,nba
1,Cincinnati,8,394009,49251,75.2,2011,nfl
2,Los Angeles,8,451153,56394,86.3,2011,nfl
3,Tampa Bay,7,396300,56614,86.2,2011,nfl
4,Oakland,8,473938,59242,94.0,2011,nfl
5,Miami,8,487089,60886,81.0,2011,nfl
6,Arizona,8,489455,61181,96.5,2011,nfl
7,Chicago,8,497166,62145,101.0,2011,nfl
8,Jacksonville,8,498655,62331,92.8,2011,nfl
9,Buffalo,7,438864,62694,85.8,2011,nfl
10,Minnesota,8,502529,62816,98.0,2011,nfl
11,Pittsburgh,8,504279,63034,97.0,2011,nfl
12,Detroit,8,509940,63742,98.8,2011,nfl
13,Indianapolis,8,518627,64828,102.9,2011,nfl
14,Los Angeles,8,523143,65392,91.7,2011,nfl
15,Cleveland,8,526874,65859,90.0,2011,nfl
16,Seattle,8,531311,66413,99.1,2011,nfl
17,New England,8,550048,68756,100.0,2011,nfl
18,Atlanta,8,551892,68986,96.8,2011,nfl
19,Tennessee,8,553144,69143,100.0,2011,nfl
20,Philadelphia,8,553152,69144,102.3,2011,nfl
21,San Francisco,8,557856,69732,99.3,2011,nfl
22,Green Bay,8,564097,70512,96.7,2011,nfl
23,Baltimore,8,569792,71224,100.3,2011,nfl
24,Houston,8,571969,71496,100.6,2011,nfl
25,Kansas City,8,576659,72082,93.9,2011,nfl
26,Carolina,8,578342,72292,98.0,2011,nfl
27,New Orleans,8,584336,73042,100.1,2011,nfl
28,Denver,8,602618,75327,99.0,2011,nfl
29,Washington,8,615368,76921,83.9,2011,nfl
30,NY Jets,8,631888,78986,95.7,2011,nfl
31,NY Giants,8,635800,79475,96.3,2011,nfl
32,Dallas,8,684096,85512,106.9,2011,nfl
1,Oakland,8,433732,54216,86.0,2012,nfl
2,Tampa Bay,8,440819,55102,83.9,2012,nfl
3,Los Angeles,7,396925,56703,86.8,2012,nfl
4,Miami,8,459033,57379,76.3,2012,nfl
5,Los Angeles,8,479716,59964,84.1,2012,nfl
6,Minnesota,8,485802,60725,94.7,2012,nfl
7,Arizona,8,487125,60890,96.0,2012,nfl
8,Pittsburgh,8,489135,61141,94.1,2012,nfl
9,Cincinnati,8,489504,61188,93.4,2012,nfl
10,Chicago,8,498633,62329,101.3,2012,nfl
11,Detroit,8,510158,63769,98.9,2012,nfl
12,Buffalo,7,454653,64950,88.9,2012,nfl
13,Jacksonville,8,519872,64984,96.8,2012,nfl
14,Indianapolis,8,521518,65189,103.5,2012,nfl
15,Cleveland,8,533058,66632,91.0,2012,nfl
16,Seattle,8,543570,67946,101.4,2012,nfl
17,Kansas City,8,548070,68508,89.3,2012,nfl
18,New England,8,550044,68755,100.0,2012,nfl
19,Tennessee,8,553144,69143,100.0,2012,nfl
20,Philadelphia,8,553152,69144,102.3,2012,nfl
21,San Francisco,8,557856,69732,99.3,2012,nfl
22,Atlanta,8,560773,70096,98.4,2012,nfl
23,Green Bay,8,564062,70507,96.7,2012,nfl
24,Baltimore,8,570229,71278,100.4,2012,nfl
25,Houston,8,573321,71665,100.9,2012,nfl
26,New Orleans,8,583107,72888,99.9,2012,nfl
27,Carolina,8,586347,73293,99.3,2012,nfl
28,Denver,8,613062,76632,100.7,2012,nfl
29,NY Jets,8,632704,79088,95.9,2012,nfl
30,Washington,8,637236,79654,86.9,2012,nfl
31,NY Giants,8,643964,80495,97.6,2012,nfl
32,Dallas,8,708249,88531,110.7,2012,nfl
1,Oakland,8,403556,50444,80.0,2013,nfl
2,Los Angeles,8,455657,56957,87.2,2013,nfl
3,Pittsburgh,8,458489,57311,88.2,2013,nfl
4,Tampa Bay,8,470548,58818,89.6,2013,nfl
5,Jacksonville,7,419581,59940,89.2,2013,nfl
6,Arizona,8,488271,61033,96.3,2013,nfl
7,Chicago,8,498864,62358,101.4,2013,nfl
8,Cincinnati,8,506377,63297,96.6,2013,nfl
9,Detroit,8,510369,63796,98.9,2013,nfl
10,Minnesota,7,448135,64019,99.8,2013,nfl
11,Los Angeles,8,513641,64205,90.1,2013,nfl
12,Miami,8,514553,64319,85.5,2013,nfl
13,Indianapolis,8,527606,65950,104.7,2013,nfl
14,Buffalo,7,463873,66267,90.7,2013,nfl
15,Seattle,8,545577,68197,101.8,2013,nfl
16,New England,8,550048,68756,100.0,2013,nfl
17,Tennessee,8,553144,69143,100.0,2013,nfl
18,Philadelphia,8,553152,69144,102.3,2013,nfl
19,San Francisco,8,557856,69732,99.3,2013,nfl
20,Atlanta,8,561795,70224,98.6,2013,nfl
21,Baltimore,8,569084,71135,100.2,2013,nfl
22,Cleveland,8,569939,71242,97.3,2013,nfl
23,Houston,8,573271,71658,100.9,2013,nfl
24,New Orleans,8,583210,72901,99.9,2013,nfl
25,Carolina,8,587544,73443,99.5,2013,nfl
26,Kansas City,8,602877,75359,98.2,2013,nfl
27,Denver,8,614977,76872,101.0,2013,nfl
28,NY Jets,8,615656,76957,93.3,2013,nfl
29,Washington,8,617767,77220,84.2,2013,nfl
30,Green Bay,8,623577,77947,106.9,2013,nfl
31,NY Giants,8,641184,80148,97.1,2013,nfl
32,Dallas,8,704345,88043,110.1,2013,nfl
1,Minnesota,8,417906,52238,104.5,2014,nfl
2,Los Angeles,8,456146,57018,87.3,2014,nfl
3,Oakland,8,459333,57416,102.5,2014,nfl
4,Tampa Bay,8,477273,59659,90.9,2014,nfl
5,Cincinnati,8,485628,60703,92.7,2014,nfl
6,Chicago,8,493449,61681,100.3,2014,nfl
7,Arizona,8,495835,61979,97.8,2014,nfl
8,Pittsburgh,8,497811,62226,95.7,2014,nfl
9,Jacksonville,7,440732,62961,93.7,2014,nfl
10,Detroit,8,504198,63024,97.7,2014,nfl
11,Indianapolis,8,523004,65375,103.8,2014,nfl
12,Los Angeles,8,523457,65432,91.8,2014,nfl
13,Cleveland,8,539400,67425,92.1,2014,nfl
14,Buffalo,8,540180,67522,93.8,2014,nfl
15,Seattle,8,547298,68412,99.5,2014,nfl
16,New England,8,550048,68756,100.0,2014,nfl
17,Tennessee,8,553144,69143,100.0,2014,nfl
18,Philadelphia,8,556768,69596,103.0,2014,nfl
19,Miami,8,560280,70035,92.7,2014,nfl
20,Atlanta,7,493515,70502,99.0,2014,nfl
21,San Francisco,8,566192,70774,103.3,2014,nfl
22,Baltimore,8,568353,71044,100.1,2014,nfl
23,Houston,8,574132,71766,101.0,2014,nfl
24,New Orleans,8,584900,73112,100.2,2014,nfl
25,Carolina,8,588861,73607,99.8,2014,nfl
26,Kansas City,8,599743,74967,97.7,2014,nfl
27,Denver,8,615517,76939,101.1,2014,nfl
28,Washington,8,623715,77964,85.0,2014,nfl
29,Green Bay,8,625114,78139,107.1,2014,nfl
30,NY Jets,8,625280,78160,94.7,2014,nfl
31,NY Giants,8,631738,78967,95.7,2014,nfl
32,Dallas,8,720558,90069,112.6,2014,nfl
1,Los Angeles,8,419220,52402,80.2,2015,nfl
2,Minnesota,8,419440,52430,99.8,2015,nfl
3,Oakland,8,436910,54613,86.5,2015,nfl
4,Detroit,8,490782,61347,94.4,2015,nfl
5,Cincinnati,8,491118,61389,93.7,2015,nfl
6,Jacksonville,7,430247,61463,91.5,2015,nfl
7,Tampa Bay,8,492480,61560,93.5,2015,nfl
8,Chicago,8,496287,62035,100.9,2015,nfl
9,Tennessee,8,498435,62304,90.1,2015,nfl
10,Arizona,8,513487,64185,98.7,2015,nfl
11,Pittsburgh,8,514854,64356,98.3,2015,nfl
12,Indianapolis,8,528381,66047,104.8,2015,nfl
13,Cleveland,8,529488,66186,90.4,2015,nfl
14,Los Angeles,8,534180,66772,94.6,2015,nfl
15,New England,8,534632,66829,97.2,2015,nfl
16,Miami,8,537548,67193,102.9,2015,nfl
17,Seattle,8,552162,69020,103.0,2015,nfl
18,Philadelphia,8,555868,69483,102.8,2015,nfl
19,Buffalo,8,559047,69880,95.6,2015,nfl
20,Atlanta,8,562845,70355,98.8,2015,nfl
21,San Francisco,8,566392,70799,103.4,2015,nfl
22,Baltimore,8,568018,71002,100.0,2015,nfl
23,Houston,8,574159,71769,101.0,2015,nfl
24,New Orleans,8,584305,73038,95.5,2015,nfl
25,Carolina,8,592454,74056,100.4,2015,nfl
26,Kansas City,7,518604,74086,96.5,2015,nfl
27,Washington,8,609672,76209,89.7,2015,nfl
28,Denver,8,615381,76922,101.0,2015,nfl
29,NY Jets,8,625280,78160,94.7,2015,nfl
30,Green Bay,8,627308,78413,107.2,2015,nfl
31,NY Giants,8,632011,79001,95.8,2015,nfl
32,Dallas,8,731672,91459,91.5,2015,nfl
1,Oakland,7,382088,54584,86.6,2016,nfl
2,Los Angeles,8,456197,57024,80.0,2016,nfl
3,Chicago,8,482951,60368,98.2,2016,nfl
4,Cincinnati,7,423583,60511,92.4,2016,nfl
5,Tampa Bay,8,484998,60624,92.3,2016,nfl
6,Detroit,8,486342,60792,94.3,2016,nfl
7,Jacksonville,7,433408,61915,92.2,2016,nfl
8,Cleveland,8,514489,64311,87.9,2016,nfl
9,Pittsburgh,8,514503,64312,98.9,2016,nfl
10,Tennessee,8,517273,64659,93.5,2016,nfl
11,Arizona,8,518652,64831,102.3,2016,nfl
12,Miami,8,524101,65512,100.3,2016,nfl
13,Indianapolis,8,524393,65549,104.0,2016,nfl
14,Minnesota,8,534289,66786,91.5,2016,nfl
15,New England,8,534632,66829,97.2,2016,nfl
16,Buffalo,8,548073,68509,93.7,2016,nfl
17,Seattle,8,552588,69073,103.1,2016,nfl
18,Philadelphia,8,556768,69596,103.0,2016,nfl
19,Atlanta,8,559998,69999,98.2,2016,nfl
20,San Francisco,8,561424,70178,102.4,2016,nfl
21,Baltimore,8,568823,71102,100.1,2016,nfl
22,Houston,8,574947,71868,101.1,2016,nfl
23,New Orleans,8,584876,73109,100.2,2016,nfl
24,Kansas City,8,586624,73328,95.5,2016,nfl
25,Carolina,8,590343,73792,100.0,2016,nfl
26,Los Angeles,1,74121,74121,89.8,2016,nfl
27,Denver,8,614193,76774,100.9,2016,nfl
28,NY Jets,8,625280,78160,94.7,2016,nfl
29,Green Bay,8,625727,78215,107.3,2016,nfl
30,Washington,8,626432,78304,85.4,2016,nfl
31,NY Giants,8,630315,78789,95.5,2016,nfl
32,Dallas,8,740318,92539,115.7,2016,nfl
1,Los Angeles,8,202687,25335,-,2017,nfl
2,Cincinnati,8,426207,53275,81.3,2017,nfl
3,Oakland,8,462201,57775,91.5,2017,nfl
4,Tampa Bay,8,479618,59952,91.0,2017,nfl
5,Chicago,8,489137,61142,99.4,2017,nfl
6,Pittsburgh,8,499768,62471,91.3,2017,nfl
7,Los Angeles,8,507136,63392,67.7,2017,nfl
8,Indianapolis,8,507525,63440,100.7,2017,nfl
9,Cleveland,8,511060,63882,87.3,2017,nfl
10,Detroit,8,513100,64137,98.7,2017,nfl
11,Arizona,8,513741,64217,98.8,2017,nfl
12,Jacksonville,8,514427,64303,95.6,2017,nfl
13,Tennessee,8,525214,65651,95.0,2017,nfl
14,New England,8,527024,65878,100.0,2017,nfl
15,Minnesota,8,533769,66721,91.4,2017,nfl
16,Buffalo,8,534200,66775,91.4,2017,nfl
17,Miami,8,541022,67627,103.5,2017,nfl
18,Seattle,8,551809,68976,102.9,2017,nfl
19,Philadelphia,8,556768,69596,100.0,2017,nfl
20,San Francisco,8,561155,70144,102.4,2017,nfl
21,Baltimore,8,564709,70588,99.4,2017,nfl
22,Houston,8,574197,71774,101.0,2017,nfl
23,Atlanta,8,575681,71960,95.9,2017,nfl
24,New Orleans,8,585113,73139,95.6,2017,nfl
25,Carolina,8,588942,73617,99.8,2017,nfl
26,Kansas City,8,592851,74106,97.0,2017,nfl
27,Washington,8,601405,75175,88.4,2017,nfl
28,Denver,8,610846,76355,100.3,2017,nfl
29,NY Giants,8,617434,77179,93.6,2017,nfl
30,NY Jets,8,620496,77562,94.0,2017,nfl
31,Green Bay,8,624742,78092,106.8,2017,nfl
32,Dallas,8,741775,92721,92.7,2017,nfl
1,Los Angeles,8,262145,32768,121.4,2018,nfl
2,Cincinnati,8,406028,50753,77.5,2018,nfl
3,Tampa Bay,8,434855,54356,82.8,2018,nfl
4,Oakland,8,463353,57919,103.4,2018,nfl
5,Indianapolis,8,473598,59199,94.0,2018,nfl
6,Washington,8,488227,61028,74.4,2018,nfl
7,Chicago,8,494525,61815,100.5,2018,nfl
8,Arizona,8,496111,62013,95.4,2018,nfl
9,Detroit,8,502361,62795,97.4,2018,nfl
10,Pittsburgh,8,507651,63456,92.8,2018,nfl
11,Tennessee,8,516161,64520,93.3,2018,nfl
12,Buffalo,8,519695,64961,90.4,2018,nfl
13,Miami,8,524480,65560,101.2,2018,nfl
14,Cleveland,8,526122,65765,97.5,2018,nfl
15,New England,8,527024,65878,100.0,2018,nfl
16,Jacksonville,7,466719,66674,98.3,2018,nfl
17,Minnesota,8,534491,66811,99.9,2018,nfl
18,Seattle,8,552009,69001,100.4,2018,nfl
19,San Francisco,8,553190,69148,100.9,2018,nfl
20,Philadelphia,8,557568,69696,100.1,2018,nfl
21,Baltimore,8,563451,70431,99.2,2018,nfl
22,Houston,8,574439,71804,99.7,2018,nfl
23,Los Angeles,8,579439,72429,77.4,2018,nfl
24,Atlanta,8,583184,72898,97.2,2018,nfl
25,New Orleans,8,584411,73051,100.1,2018,nfl
26,Carolina,8,590182,73772,100.0,2018,nfl
27,Kansas City,8,607780,75972,99.4,2018,nfl
28,Denver,8,611571,76446,100.4,2018,nfl
29,NY Giants,8,615525,76940,93.3,2018,nfl
30,Green Bay,8,622677,77834,95.6,2018,nfl
31,NY Jets,8,623856,77982,94.5,2018,nfl
32,Dallas,8,732958,91619,91.6,2018,nfl
